prompt_id,prompt_text,template_type,category,base_prompt_id,generation_method
base_0001,a photo of a dog,photo_of_object,certain,,template: a photo of a [object]
base_0002,a photo of a cat,photo_of_object,certain,,template: a photo of a [object]
base_0003,a photo of a chair,photo_of_object,certain,,template: a photo of a [object]
base_0004,a photo of a table,photo_of_object,certain,,template: a photo of a [object]
base_0005,a photo of a cup,photo_of_object,certain,,template: a photo of a [object]
base_0006,a photo of a bottle,photo_of_object,certain,,template: a photo of a [object]
base_0007,a photo of a bicycle,photo_of_object,certain,,template: a photo of a [object]
base_0008,a photo of a car,photo_of_object,certain,,template: a photo of a [object]
base_0009,a photo of a rack,photo_of_object,certain,,template: a photo of a [object]
base_0010,a photo of an apple,photo_of_object,certain,,template: a photo of a [object]
base_0011,a photo of a banana,photo_of_object,certain,,template: a photo of a [object]
base_0012,a photo of a book,photo_of_object,certain,,template: a photo of a [object]
base_0013,a photo of a phone,photo_of_object,certain,,template: a photo of a [object]
base_0014,a photo of a laptop,photo_of_object,certain,,template: a photo of a [object]
base_0015,a photo of a camera,photo_of_object,certain,,template: a photo of a [object]
base_0016,a photo of a backpack,photo_of_object,certain,,template: a photo of a [object]
base_0017,a photo of a television,photo_of_object,certain,,template: a photo of a [object]
base_0018,a red dog,color_object,certain,,template: a [color] [object]
base_0019,a red cat,color_object,certain,,template: a [color] [object]
base_0020,a red chair,color_object,certain,,template: a [color] [object]
base_0021,a red table,color_object,certain,,template: a [color] [object]
base_0022,a red cup,color_object,certain,,template: a [color] [object]
base_0023,a red bottle,color_object,certain,,template: a [color] [object]
base_0024,a red bicycle,color_object,certain,,template: a [color] [object]
base_0025,a red car,color_object,certain,,template: a [color] [object]
base_0026,a red rack,color_object,certain,,template: a [color] [object]
base_0027,a red apple,color_object,certain,,template: a [color] [object]
base_0028,a red banana,color_object,certain,,template: a [color] [object]
base_0029,a red book,color_object,certain,,template: a [color] [object]
base_0030,a red phone,color_object,certain,,template: a [color] [object]
base_0031,a red laptop,color_object,certain,,template: a [color] [object]
base_0032,a red camera,color_object,certain,,template: a [color] [object]
base_0033,a red backpack,color_object,certain,,template: a [color] [object]
base_0034,a red television,color_object,certain,,template: a [color] [object]
base_0035,a blue dog,color_object,certain,,template: a [color] [object]
base_0036,a blue cat,color_object,certain,,template: a [color] [object]
base_0037,a blue chair,color_object,certain,,template: a [color] [object]
base_0038,a blue table,color_object,certain,,template: a [color] [object]
base_0039,a blue cup,color_object,certain,,template: a [color] [object]
base_0040,a blue bottle,color_object,certain,,template: a [color] [object]
base_0041,a blue bicycle,color_object,certain,,template: a [color] [object]
base_0042,a blue car,color_object,certain,,template: a [color] [object]
base_0043,a blue rack,color_object,certain,,template: a [color] [object]
base_0044,a blue apple,color_object,certain,,template: a [color] [object]
base_0045,a blue banana,color_object,certain,,template: a [color] [object]
base_0046,a blue book,color_object,certain,,template: a [color] [object]
base_0047,a blue phone,color_object,certain,,template: a [color] [object]
base_0048,a blue laptop,color_object,certain,,template: a [color] [object]
base_0049,a blue camera,color_object,certain,,template: a [color] [object]
base_0050,a blue backpack,color_object,certain,,template: a [color] [object]
base_0051,a blue television,color_object,certain,,template: a [color] [object]
base_0052,a green dog,color_object,certain,,template: a [color] [object]
base_0053,a green cat,color_object,certain,,template: a [color] [object]
base_0054,a green chair,color_object,certain,,template: a [color] [object]
base_0055,a green table,color_object,certain,,template: a [color] [object]
base_0056,a green cup,color_object,certain,,template: a [color] [object]
base_0057,a green bottle,color_object,certain,,template: a [color] [object]
base_0058,a green bicycle,color_object,certain,,template: a [color] [object]
base_0059,a green car,color_object,certain,,template: a [color] [object]
base_0060,a green rack,color_object,certain,,template: a [color] [object]
base_0061,a green apple,color_object,certain,,template: a [color] [object]
base_0062,a green banana,color_object,certain,,template: a [color] [object]
base_0063,a green book,color_object,certain,,template: a [color] [object]
base_0064,a green phone,color_object,certain,,template: a [color] [object]
base_0065,a green laptop,color_object,certain,,template: a [color] [object]
base_0066,a green camera,color_object,certain,,template: a [color] [object]
base_0067,a green backpack,color_object,certain,,template: a [color] [object]
base_0068,a green television,color_object,certain,,template: a [color] [object]
base_0069,a yellow dog,color_object,certain,,template: a [color] [object]
base_0070,a yellow cat,color_object,certain,,template: a [color] [object]
base_0071,a yellow chair,color_object,certain,,template: a [color] [object]
base_0072,a yellow table,color_object,certain,,template: a [color] [object]
base_0073,a yellow cup,color_object,certain,,template: a [color] [object]
base_0074,a yellow bottle,color_object,certain,,template: a [color] [object]
base_0075,a yellow bicycle,color_object,certain,,template: a [color] [object]
base_0076,a yellow car,color_object,certain,,template: a [color] [object]
base_0077,a yellow rack,color_object,certain,,template: a [color] [object]
base_0078,a yellow apple,color_object,certain,,template: a [color] [object]
base_0079,a yellow banana,color_object,certain,,template: a [color] [object]
base_0080,a yellow book,color_object,certain,,template: a [color] [object]
base_0081,a yellow phone,color_object,certain,,template: a [color] [object]
base_0082,a yellow laptop,color_object,certain,,template: a [color] [object]
base_0083,a yellow camera,color_object,certain,,template: a [color] [object]
base_0084,a yellow backpack,color_object,certain,,template: a [color] [object]
base_0085,a yellow television,color_object,certain,,template: a [color] [object]
base_0086,a black dog,color_object,certain,,template: a [color] [object]
base_0087,a black cat,color_object,certain,,template: a [color] [object]
base_0088,a black chair,color_object,certain,,template: a [color] [object]
base_0089,a black table,color_object,certain,,template: a [color] [object]
base_0090,a black cup,color_object,certain,,template: a [color] [object]
base_0091,a black bottle,color_object,certain,,template: a [color] [object]
base_0092,a black bicycle,color_object,certain,,template: a [color] [object]
base_0093,a black car,color_object,certain,,template: a [color] [object]
base_0094,a black rack,color_object,certain,,template: a [color] [object]
base_0095,a black apple,color_object,certain,,template: a [color] [object]
base_0096,a black banana,color_object,certain,,template: a [color] [object]
base_0097,a black book,color_object,certain,,template: a [color] [object]
base_0098,a black phone,color_object,certain,,template: a [color] [object]
base_0099,a black laptop,color_object,certain,,template: a [color] [object]
base_0100,a black camera,color_object,certain,,template: a [color] [object]
base_0101,a black backpack,color_object,certain,,template: a [color] [object]
base_0102,a black television,color_object,certain,,template: a [color] [object]
base_0103,a white dog,color_object,certain,,template: a [color] [object]
base_0104,a white cat,color_object,certain,,template: a [color] [object]
base_0105,a white chair,color_object,certain,,template: a [color] [object]
base_0106,a white table,color_object,certain,,template: a [color] [object]
base_0107,a white cup,color_object,certain,,template: a [color] [object]
base_0108,a white bottle,color_object,certain,,template: a [color] [object]
base_0109,a white bicycle,color_object,certain,,template: a [color] [object]
base_0110,a white car,color_object,certain,,template: a [color] [object]
base_0111,a white rack,color_object,certain,,template: a [color] [object]
base_0112,a white apple,color_object,certain,,template: a [color] [object]
base_0113,a white banana,color_object,certain,,template: a [color] [object]
base_0114,a white book,color_object,certain,,template: a [color] [object]
base_0115,a white phone,color_object,certain,,template: a [color] [object]
base_0116,a white laptop,color_object,certain,,template: a [color] [object]
base_0117,a white camera,color_object,certain,,template: a [color] [object]
base_0118,a white backpack,color_object,certain,,template: a [color] [object]
base_0119,a white television,color_object,certain,,template: a [color] [object]
base_0120,a purple dog,color_object,certain,,template: a [color] [object]
base_0121,a purple cat,color_object,certain,,template: a [color] [object]
base_0122,a purple chair,color_object,certain,,template: a [color] [object]
base_0123,a purple table,color_object,certain,,template: a [color] [object]
base_0124,a purple cup,color_object,certain,,template: a [color] [object]
base_0125,a purple bottle,color_object,certain,,template: a [color] [object]
base_0126,a purple bicycle,color_object,certain,,template: a [color] [object]
base_0127,a purple car,color_object,certain,,template: a [color] [object]
base_0128,a purple rack,color_object,certain,,template: a [color] [object]
base_0129,a purple apple,color_object,certain,,template: a [color] [object]
base_0130,a purple banana,color_object,certain,,template: a [color] [object]
base_0131,a purple book,color_object,certain,,template: a [color] [object]
base_0132,a purple phone,color_object,certain,,template: a [color] [object]
base_0133,a purple laptop,color_object,certain,,template: a [color] [object]
base_0134,a purple camera,color_object,certain,,template: a [color] [object]
base_0135,a purple backpack,color_object,certain,,template: a [color] [object]
base_0136,a purple television,color_object,certain,,template: a [color] [object]
base_0137,an orange dog,color_object,certain,,template: a [color] [object]
base_0138,an orange cat,color_object,certain,,template: a [color] [object]
base_0139,an orange chair,color_object,certain,,template: a [color] [object]
base_0140,an orange table,color_object,certain,,template: a [color] [object]
base_0141,an orange cup,color_object,certain,,template: a [color] [object]
base_0142,an orange bottle,color_object,certain,,template: a [color] [object]
base_0143,an orange bicycle,color_object,certain,,template: a [color] [object]
base_0144,an orange car,color_object,certain,,template: a [color] [object]
base_0145,an orange rack,color_object,certain,,template: a [color] [object]
base_0146,an orange apple,color_object,certain,,template: a [color] [object]
base_0147,an orange banana,color_object,certain,,template: a [color] [object]
base_0148,an orange book,color_object,certain,,template: a [color] [object]
base_0149,an orange phone,color_object,certain,,template: a [color] [object]
base_0150,an orange laptop,color_object,certain,,template: a [color] [object]
base_0151,an orange camera,color_object,certain,,template: a [color] [object]
base_0152,an orange backpack,color_object,certain,,template: a [color] [object]
base_0153,an orange television,color_object,certain,,template: a [color] [object]
base_0154,a pink dog,color_object,certain,,template: a [color] [object]
base_0155,a pink cat,color_object,certain,,template: a [color] [object]
base_0156,a pink chair,color_object,certain,,template: a [color] [object]
base_0157,a pink table,color_object,certain,,template: a [color] [object]
base_0158,a pink cup,color_object,certain,,template: a [color] [object]
base_0159,a pink bottle,color_object,certain,,template: a [color] [object]
base_0160,a pink bicycle,color_object,certain,,template: a [color] [object]
base_0161,a pink car,color_object,certain,,template: a [color] [object]
base_0162,a pink rack,color_object,certain,,template: a [color] [object]
base_0163,a pink apple,color_object,certain,,template: a [color] [object]
base_0164,a pink banana,color_object,certain,,template: a [color] [object]
base_0165,a pink book,color_object,certain,,template: a [color] [object]
base_0166,a pink phone,color_object,certain,,template: a [color] [object]
base_0167,a pink laptop,color_object,certain,,template: a [color] [object]
base_0168,a pink camera,color_object,certain,,template: a [color] [object]
base_0169,a pink backpack,color_object,certain,,template: a [color] [object]
base_0170,a pink television,color_object,certain,,template: a [color] [object]
base_0171,a brown dog,color_object,certain,,template: a [color] [object]
base_0172,a brown cat,color_object,certain,,template: a [color] [object]
base_0173,a brown chair,color_object,certain,,template: a [color] [object]
base_0174,a brown table,color_object,certain,,template: a [color] [object]
base_0175,a brown cup,color_object,certain,,template: a [color] [object]
base_0176,a brown bottle,color_object,certain,,template: a [color] [object]
base_0177,a brown bicycle,color_object,certain,,template: a [color] [object]
base_0178,a brown car,color_object,certain,,template: a [color] [object]
base_0179,a brown rack,color_object,certain,,template: a [color] [object]
base_0180,a brown apple,color_object,certain,,template: a [color] [object]
base_0181,a brown banana,color_object,certain,,template: a [color] [object]
base_0182,a brown book,color_object,certain,,template: a [color] [object]
base_0183,a brown phone,color_object,certain,,template: a [color] [object]
base_0184,a brown laptop,color_object,certain,,template: a [color] [object]
base_0185,a brown camera,color_object,certain,,template: a [color] [object]
base_0186,a brown backpack,color_object,certain,,template: a [color] [object]
base_0187,a brown television,color_object,certain,,template: a [color] [object]
base_0188,a gray dog,color_object,certain,,template: a [color] [object]
base_0189,a gray cat,color_object,certain,,template: a [color] [object]
base_0190,a gray chair,color_object,certain,,template: a [color] [object]
base_0191,a gray table,color_object,certain,,template: a [color] [object]
base_0192,a gray cup,color_object,certain,,template: a [color] [object]
base_0193,a gray bottle,color_object,certain,,template: a [color] [object]
base_0194,a gray bicycle,color_object,certain,,template: a [color] [object]
base_0195,a gray car,color_object,certain,,template: a [color] [object]
base_0196,a gray rack,color_object,certain,,template: a [color] [object]
base_0197,a gray apple,color_object,certain,,template: a [color] [object]
base_0198,a gray banana,color_object,certain,,template: a [color] [object]
base_0199,a gray book,color_object,certain,,template: a [color] [object]
base_0200,a gray phone,color_object,certain,,template: a [color] [object]
base_0201,a gray laptop,color_object,certain,,template: a [color] [object]
base_0202,a gray camera,color_object,certain,,template: a [color] [object]
base_0203,a gray backpack,color_object,certain,,template: a [color] [object]
base_0204,a gray television,color_object,certain,,template: a [color] [object]
base_0205,a magenta dog,color_object,certain,,template: a [color] [object]
base_0206,a magenta cat,color_object,certain,,template: a [color] [object]
base_0207,a magenta chair,color_object,certain,,template: a [color] [object]
base_0208,a magenta table,color_object,certain,,template: a [color] [object]
base_0209,a magenta cup,color_object,certain,,template: a [color] [object]
base_0210,a magenta bottle,color_object,certain,,template: a [color] [object]
base_0211,a magenta bicycle,color_object,certain,,template: a [color] [object]
base_0212,a magenta car,color_object,certain,,template: a [color] [object]
base_0213,a magenta rack,color_object,certain,,template: a [color] [object]
base_0214,a magenta apple,color_object,certain,,template: a [color] [object]
base_0215,a magenta banana,color_object,certain,,template: a [color] [object]
base_0216,a magenta book,color_object,certain,,template: a [color] [object]
base_0217,a magenta phone,color_object,certain,,template: a [color] [object]
base_0218,a magenta laptop,color_object,certain,,template: a [color] [object]
base_0219,a magenta camera,color_object,certain,,template: a [color] [object]
base_0220,a magenta backpack,color_object,certain,,template: a [color] [object]
base_0221,a magenta television,color_object,certain,,template: a [color] [object]
base_0222,a lime dog,color_object,certain,,template: a [color] [object]
base_0223,a lime cat,color_object,certain,,template: a [color] [object]
base_0224,a lime chair,color_object,certain,,template: a [color] [object]
base_0225,a lime table,color_object,certain,,template: a [color] [object]
base_0226,a lime cup,color_object,certain,,template: a [color] [object]
base_0227,a lime bottle,color_object,certain,,template: a [color] [object]
base_0228,a lime bicycle,color_object,certain,,template: a [color] [object]
base_0229,a lime car,color_object,certain,,template: a [color] [object]
base_0230,a lime rack,color_object,certain,,template: a [color] [object]
base_0231,a lime apple,color_object,certain,,template: a [color] [object]
base_0232,a lime banana,color_object,certain,,template: a [color] [object]
base_0233,a lime book,color_object,certain,,template: a [color] [object]
base_0234,a lime phone,color_object,certain,,template: a [color] [object]
base_0235,a lime laptop,color_object,certain,,template: a [color] [object]
base_0236,a lime camera,color_object,certain,,template: a [color] [object]
base_0237,a lime backpack,color_object,certain,,template: a [color] [object]
base_0238,a lime television,color_object,certain,,template: a [color] [object]
base_0239,a cyan dog,color_object,certain,,template: a [color] [object]
base_0240,a cyan cat,color_object,certain,,template: a [color] [object]
base_0241,a cyan chair,color_object,certain,,template: a [color] [object]
base_0242,a cyan table,color_object,certain,,template: a [color] [object]
base_0243,a cyan cup,color_object,certain,,template: a [color] [object]
base_0244,a cyan bottle,color_object,certain,,template: a [color] [object]
base_0245,a cyan bicycle,color_object,certain,,template: a [color] [object]
base_0246,a cyan car,color_object,certain,,template: a [color] [object]
base_0247,a cyan rack,color_object,certain,,template: a [color] [object]
base_0248,a cyan apple,color_object,certain,,template: a [color] [object]
base_0249,a cyan banana,color_object,certain,,template: a [color] [object]
base_0250,a cyan book,color_object,certain,,template: a [color] [object]
base_0251,a cyan phone,color_object,certain,,template: a [color] [object]
base_0252,a cyan laptop,color_object,certain,,template: a [color] [object]
base_0253,a cyan camera,color_object,certain,,template: a [color] [object]
base_0254,a cyan backpack,color_object,certain,,template: a [color] [object]
base_0255,a cyan television,color_object,certain,,template: a [color] [object]
base_0256,a small dog,attribute_object,certain,,template: a [attribute] [object]
base_0257,a small cat,attribute_object,certain,,template: a [attribute] [object]
base_0258,a small chair,attribute_object,certain,,template: a [attribute] [object]
base_0259,a small table,attribute_object,certain,,template: a [attribute] [object]
base_0260,a small cup,attribute_object,certain,,template: a [attribute] [object]
base_0261,a small bottle,attribute_object,certain,,template: a [attribute] [object]
base_0262,a small bicycle,attribute_object,certain,,template: a [attribute] [object]
base_0263,a small car,attribute_object,certain,,template: a [attribute] [object]
base_0264,a small rack,attribute_object,certain,,template: a [attribute] [object]
base_0265,a small apple,attribute_object,certain,,template: a [attribute] [object]
base_0266,a small banana,attribute_object,certain,,template: a [attribute] [object]
base_0267,a small book,attribute_object,certain,,template: a [attribute] [object]
base_0268,a small phone,attribute_object,certain,,template: a [attribute] [object]
base_0269,a small laptop,attribute_object,certain,,template: a [attribute] [object]
base_0270,a small camera,attribute_object,certain,,template: a [attribute] [object]
base_0271,a small backpack,attribute_object,certain,,template: a [attribute] [object]
base_0272,a small television,attribute_object,certain,,template: a [attribute] [object]
base_0273,a big dog,attribute_object,certain,,template: a [attribute] [object]
base_0274,a big cat,attribute_object,certain,,template: a [attribute] [object]
base_0275,a big chair,attribute_object,certain,,template: a [attribute] [object]
base_0276,a big table,attribute_object,certain,,template: a [attribute] [object]
base_0277,a big cup,attribute_object,certain,,template: a [attribute] [object]
base_0278,a big bottle,attribute_object,certain,,template: a [attribute] [object]
base_0279,a big bicycle,attribute_object,certain,,template: a [attribute] [object]
base_0280,a big car,attribute_object,certain,,template: a [attribute] [object]
base_0281,a big rack,attribute_object,certain,,template: a [attribute] [object]
base_0282,a big apple,attribute_object,certain,,template: a [attribute] [object]
base_0283,a big banana,attribute_object,certain,,template: a [attribute] [object]
base_0284,a big book,attribute_object,certain,,template: a [attribute] [object]
base_0285,a big phone,attribute_object,certain,,template: a [attribute] [object]
base_0286,a big laptop,attribute_object,certain,,template: a [attribute] [object]
base_0287,a big camera,attribute_object,certain,,template: a [attribute] [object]
base_0288,a big backpack,attribute_object,certain,,template: a [attribute] [object]
base_0289,a big television,attribute_object,certain,,template: a [attribute] [object]
base_0290,an old dog,attribute_object,certain,,template: a [attribute] [object]
base_0291,an old cat,attribute_object,certain,,template: a [attribute] [object]
base_0292,an old chair,attribute_object,certain,,template: a [attribute] [object]
base_0293,an old table,attribute_object,certain,,template: a [attribute] [object]
base_0294,an old cup,attribute_object,certain,,template: a [attribute] [object]
base_0295,an old bottle,attribute_object,certain,,template: a [attribute] [object]
base_0296,an old bicycle,attribute_object,certain,,template: a [attribute] [object]
base_0297,an old car,attribute_object,certain,,template: a [attribute] [object]
base_0298,an old rack,attribute_object,certain,,template: a [attribute] [object]
base_0299,an old apple,attribute_object,certain,,template: a [attribute] [object]
base_0300,an old banana,attribute_object,certain,,template: a [attribute] [object]
base_0301,an old book,attribute_object,certain,,template: a [attribute] [object]
base_0302,an old phone,attribute_object,certain,,template: a [attribute] [object]
base_0303,an old laptop,attribute_object,certain,,template: a [attribute] [object]
base_0304,an old camera,attribute_object,certain,,template: a [attribute] [object]
base_0305,an old backpack,attribute_object,certain,,template: a [attribute] [object]
base_0306,an old television,attribute_object,certain,,template: a [attribute] [object]
base_0307,a new dog,attribute_object,certain,,template: a [attribute] [object]
base_0308,a new cat,attribute_object,certain,,template: a [attribute] [object]
base_0309,a new chair,attribute_object,certain,,template: a [attribute] [object]
base_0310,a new table,attribute_object,certain,,template: a [attribute] [object]
base_0311,a new cup,attribute_object,certain,,template: a [attribute] [object]
base_0312,a new bottle,attribute_object,certain,,template: a [attribute] [object]
base_0313,a new bicycle,attribute_object,certain,,template: a [attribute] [object]
base_0314,a new car,attribute_object,certain,,template: a [attribute] [object]
base_0315,a new rack,attribute_object,certain,,template: a [attribute] [object]
base_0316,a new apple,attribute_object,certain,,template: a [attribute] [object]
base_0317,a new banana,attribute_object,certain,,template: a [attribute] [object]
base_0318,a new book,attribute_object,certain,,template: a [attribute] [object]
base_0319,a new phone,attribute_object,certain,,template: a [attribute] [object]
base_0320,a new laptop,attribute_object,certain,,template: a [attribute] [object]
base_0321,a new camera,attribute_object,certain,,template: a [attribute] [object]
base_0322,a new backpack,attribute_object,certain,,template: a [attribute] [object]
base_0323,a new television,attribute_object,certain,,template: a [attribute] [object]
base_0324,a wooden dog,attribute_object,certain,,template: a [attribute] [object]
base_0325,a wooden cat,attribute_object,certain,,template: a [attribute] [object]
base_0326,a wooden chair,attribute_object,certain,,template: a [attribute] [object]
base_0327,a wooden table,attribute_object,certain,,template: a [attribute] [object]
base_0328,a wooden cup,attribute_object,certain,,template: a [attribute] [object]
base_0329,a wooden bottle,attribute_object,certain,,template: a [attribute] [object]
base_0330,a wooden bicycle,attribute_object,certain,,template: a [attribute] [object]
base_0331,a wooden car,attribute_object,certain,,template: a [attribute] [object]
base_0332,a wooden rack,attribute_object,certain,,template: a [attribute] [object]
base_0333,a wooden apple,attribute_object,certain,,template: a [attribute] [object]
base_0334,a wooden banana,attribute_object,certain,,template: a [attribute] [object]
base_0335,a wooden book,attribute_object,certain,,template: a [attribute] [object]
base_0336,a wooden phone,attribute_object,certain,,template: a [attribute] [object]
base_0337,a wooden laptop,attribute_object,certain,,template: a [attribute] [object]
base_0338,a wooden camera,attribute_object,certain,,template: a [attribute] [object]
base_0339,a wooden backpack,attribute_object,certain,,template: a [attribute] [object]
base_0340,a wooden television,attribute_object,certain,,template: a [attribute] [object]
base_0341,a plastic dog,attribute_object,certain,,template: a [attribute] [object]
base_0342,a plastic cat,attribute_object,certain,,template: a [attribute] [object]
base_0343,a plastic chair,attribute_object,certain,,template: a [attribute] [object]
base_0344,a plastic table,attribute_object,certain,,template: a [attribute] [object]
base_0345,a plastic cup,attribute_object,certain,,template: a [attribute] [object]
base_0346,a plastic bottle,attribute_object,certain,,template: a [attribute] [object]
base_0347,a plastic bicycle,attribute_object,certain,,template: a [attribute] [object]
base_0348,a plastic car,attribute_object,certain,,template: a [attribute] [object]
base_0349,a plastic rack,attribute_object,certain,,template: a [attribute] [object]
base_0350,a plastic apple,attribute_object,certain,,template: a [attribute] [object]
base_0351,a plastic banana,attribute_object,certain,,template: a [attribute] [object]
base_0352,a plastic book,attribute_object,certain,,template: a [attribute] [object]
base_0353,a plastic phone,attribute_object,certain,,template: a [attribute] [object]
base_0354,a plastic laptop,attribute_object,certain,,template: a [attribute] [object]
base_0355,a plastic camera,attribute_object,certain,,template: a [attribute] [object]
base_0356,a plastic backpack,attribute_object,certain,,template: a [attribute] [object]
base_0357,a plastic television,attribute_object,certain,,template: a [attribute] [object]
base_0358,a glass dog,attribute_object,certain,,template: a [attribute] [object]
base_0359,a glass cat,attribute_object,certain,,template: a [attribute] [object]
base_0360,a glass chair,attribute_object,certain,,template: a [attribute] [object]
base_0361,a glass table,attribute_object,certain,,template: a [attribute] [object]
base_0362,a glass cup,attribute_object,certain,,template: a [attribute] [object]
base_0363,a glass bottle,attribute_object,certain,,template: a [attribute] [object]
base_0364,a glass bicycle,attribute_object,certain,,template: a [attribute] [object]
base_0365,a glass car,attribute_object,certain,,template: a [attribute] [object]
base_0366,a glass rack,attribute_object,certain,,template: a [attribute] [object]
base_0367,a glass apple,attribute_object,certain,,template: a [attribute] [object]
base_0368,a glass banana,attribute_object,certain,,template: a [attribute] [object]
base_0369,a glass book,attribute_object,certain,,template: a [attribute] [object]
base_0370,a glass phone,attribute_object,certain,,template: a [attribute] [object]
base_0371,a glass laptop,attribute_object,certain,,template: a [attribute] [object]
base_0372,a glass camera,attribute_object,certain,,template: a [attribute] [object]
base_0373,a glass backpack,attribute_object,certain,,template: a [attribute] [object]
base_0374,a glass television,attribute_object,certain,,template: a [attribute] [object]
base_0375,a stone dog,attribute_object,certain,,template: a [attribute] [object]
base_0376,a stone cat,attribute_object,certain,,template: a [attribute] [object]
base_0377,a stone chair,attribute_object,certain,,template: a [attribute] [object]
base_0378,a stone table,attribute_object,certain,,template: a [attribute] [object]
base_0379,a stone cup,attribute_object,certain,,template: a [attribute] [object]
base_0380,a stone bottle,attribute_object,certain,,template: a [attribute] [object]
base_0381,a stone bicycle,attribute_object,certain,,template: a [attribute] [object]
base_0382,a stone car,attribute_object,certain,,template: a [attribute] [object]
base_0383,a stone rack,attribute_object,certain,,template: a [attribute] [object]
base_0384,a stone apple,attribute_object,certain,,template: a [attribute] [object]
base_0385,a stone banana,attribute_object,certain,,template: a [attribute] [object]
base_0386,a stone book,attribute_object,certain,,template: a [attribute] [object]
base_0387,a stone phone,attribute_object,certain,,template: a [attribute] [object]
base_0388,a stone laptop,attribute_object,certain,,template: a [attribute] [object]
base_0389,a stone camera,attribute_object,certain,,template: a [attribute] [object]
base_0390,a stone backpack,attribute_object,certain,,template: a [attribute] [object]
base_0391,a stone television,attribute_object,certain,,template: a [attribute] [object]
base_0392,a metal dog,attribute_object,certain,,template: a [attribute] [object]
base_0393,a metal cat,attribute_object,certain,,template: a [attribute] [object]
base_0394,a metal chair,attribute_object,certain,,template: a [attribute] [object]
base_0395,a metal table,attribute_object,certain,,template: a [attribute] [object]
base_0396,a metal cup,attribute_object,certain,,template: a [attribute] [object]
base_0397,a metal bottle,attribute_object,certain,,template: a [attribute] [object]
base_0398,a metal bicycle,attribute_object,certain,,template: a [attribute] [object]
base_0399,a metal car,attribute_object,certain,,template: a [attribute] [object]
base_0400,a metal rack,attribute_object,certain,,template: a [attribute] [object]
base_0401,a metal apple,attribute_object,certain,,template: a [attribute] [object]
base_0402,a metal banana,attribute_object,certain,,template: a [attribute] [object]
base_0403,a metal book,attribute_object,certain,,template: a [attribute] [object]
base_0404,a metal phone,attribute_object,certain,,template: a [attribute] [object]
base_0405,a metal laptop,attribute_object,certain,,template: a [attribute] [object]
base_0406,a metal camera,attribute_object,certain,,template: a [attribute] [object]
base_0407,a metal backpack,attribute_object,certain,,template: a [attribute] [object]
base_0408,a metal television,attribute_object,certain,,template: a [attribute] [object]
base_0409,a shiny dog,attribute_object,certain,,template: a [attribute] [object]
base_0410,a shiny cat,attribute_object,certain,,template: a [attribute] [object]
base_0411,a shiny chair,attribute_object,certain,,template: a [attribute] [object]
base_0412,a shiny table,attribute_object,certain,,template: a [attribute] [object]
base_0413,a shiny cup,attribute_object,certain,,template: a [attribute] [object]
base_0414,a shiny bottle,attribute_object,certain,,template: a [attribute] [object]
base_0415,a shiny bicycle,attribute_object,certain,,template: a [attribute] [object]
base_0416,a shiny car,attribute_object,certain,,template: a [attribute] [object]
base_0417,a shiny rack,attribute_object,certain,,template: a [attribute] [object]
base_0418,a shiny apple,attribute_object,certain,,template: a [attribute] [object]
base_0419,a shiny banana,attribute_object,certain,,template: a [attribute] [object]
base_0420,a shiny book,attribute_object,certain,,template: a [attribute] [object]
base_0421,a shiny phone,attribute_object,certain,,template: a [attribute] [object]
base_0422,a shiny laptop,attribute_object,certain,,template: a [attribute] [object]
base_0423,a shiny camera,attribute_object,certain,,template: a [attribute] [object]
base_0424,a shiny backpack,attribute_object,certain,,template: a [attribute] [object]
base_0425,a shiny television,attribute_object,certain,,template: a [attribute] [object]
base_0426,a dirty dog,attribute_object,certain,,template: a [attribute] [object]
base_0427,a dirty cat,attribute_object,certain,,template: a [attribute] [object]
base_0428,a dirty chair,attribute_object,certain,,template: a [attribute] [object]
base_0429,a dirty table,attribute_object,certain,,template: a [attribute] [object]
base_0430,a dirty cup,attribute_object,certain,,template: a [attribute] [object]
base_0431,a dirty bottle,attribute_object,certain,,template: a [attribute] [object]
base_0432,a dirty bicycle,attribute_object,certain,,template: a [attribute] [object]
base_0433,a dirty car,attribute_object,certain,,template: a [attribute] [object]
base_0434,a dirty rack,attribute_object,certain,,template: a [attribute] [object]
base_0435,a dirty apple,attribute_object,certain,,template: a [attribute] [object]
base_0436,a dirty banana,attribute_object,certain,,template: a [attribute] [object]
base_0437,a dirty book,attribute_object,certain,,template: a [attribute] [object]
base_0438,a dirty phone,attribute_object,certain,,template: a [attribute] [object]
base_0439,a dirty laptop,attribute_object,certain,,template: a [attribute] [object]
base_0440,a dirty camera,attribute_object,certain,,template: a [attribute] [object]
base_0441,a dirty backpack,attribute_object,certain,,template: a [attribute] [object]
base_0442,a dirty television,attribute_object,certain,,template: a [attribute] [object]
base_0443,a clean dog,attribute_object,certain,,template: a [attribute] [object]
base_0444,a clean cat,attribute_object,certain,,template: a [attribute] [object]
base_0445,a clean chair,attribute_object,certain,,template: a [attribute] [object]
base_0446,a clean table,attribute_object,certain,,template: a [attribute] [object]
base_0447,a clean cup,attribute_object,certain,,template: a [attribute] [object]
base_0448,a clean bottle,attribute_object,certain,,template: a [attribute] [object]
base_0449,a clean bicycle,attribute_object,certain,,template: a [attribute] [object]
base_0450,a clean car,attribute_object,certain,,template: a [attribute] [object]
base_0451,a clean rack,attribute_object,certain,,template: a [attribute] [object]
base_0452,a clean apple,attribute_object,certain,,template: a [attribute] [object]
base_0453,a clean banana,attribute_object,certain,,template: a [attribute] [object]
base_0454,a clean book,attribute_object,certain,,template: a [attribute] [object]
base_0455,a clean phone,attribute_object,certain,,template: a [attribute] [object]
base_0456,a clean laptop,attribute_object,certain,,template: a [attribute] [object]
base_0457,a clean camera,attribute_object,certain,,template: a [attribute] [object]
base_0458,a clean backpack,attribute_object,certain,,template: a [attribute] [object]
base_0459,a clean television,attribute_object,certain,,template: a [attribute] [object]
base_0460,a wet dog,attribute_object,certain,,template: a [attribute] [object]
base_0461,a wet cat,attribute_object,certain,,template: a [attribute] [object]
base_0462,a wet chair,attribute_object,certain,,template: a [attribute] [object]
base_0463,a wet table,attribute_object,certain,,template: a [attribute] [object]
base_0464,a wet cup,attribute_object,certain,,template: a [attribute] [object]
base_0465,a wet bottle,attribute_object,certain,,template: a [attribute] [object]
base_0466,a wet bicycle,attribute_object,certain,,template: a [attribute] [object]
base_0467,a wet car,attribute_object,certain,,template: a [attribute] [object]
base_0468,a wet rack,attribute_object,certain,,template: a [attribute] [object]
base_0469,a wet apple,attribute_object,certain,,template: a [attribute] [object]
base_0470,a wet banana,attribute_object,certain,,template: a [attribute] [object]
base_0471,a wet book,attribute_object,certain,,template: a [attribute] [object]
base_0472,a wet phone,attribute_object,certain,,template: a [attribute] [object]
base_0473,a wet laptop,attribute_object,certain,,template: a [attribute] [object]
base_0474,a wet camera,attribute_object,certain,,template: a [attribute] [object]
base_0475,a wet backpack,attribute_object,certain,,template: a [attribute] [object]
base_0476,a wet television,attribute_object,certain,,template: a [attribute] [object]
base_0477,a dry dog,attribute_object,certain,,template: a [attribute] [object]
base_0478,a dry cat,attribute_object,certain,,template: a [attribute] [object]
base_0479,a dry chair,attribute_object,certain,,template: a [attribute] [object]
base_0480,a dry table,attribute_object,certain,,template: a [attribute] [object]
base_0481,a dry cup,attribute_object,certain,,template: a [attribute] [object]
base_0482,a dry bottle,attribute_object,certain,,template: a [attribute] [object]
base_0483,a dry bicycle,attribute_object,certain,,template: a [attribute] [object]
base_0484,a dry car,attribute_object,certain,,template: a [attribute] [object]
base_0485,a dry rack,attribute_object,certain,,template: a [attribute] [object]
base_0486,a dry apple,attribute_object,certain,,template: a [attribute] [object]
base_0487,a dry banana,attribute_object,certain,,template: a [attribute] [object]
base_0488,a dry book,attribute_object,certain,,template: a [attribute] [object]
base_0489,a dry phone,attribute_object,certain,,template: a [attribute] [object]
base_0490,a dry laptop,attribute_object,certain,,template: a [attribute] [object]
base_0491,a dry camera,attribute_object,certain,,template: a [attribute] [object]
base_0492,a dry backpack,attribute_object,certain,,template: a [attribute] [object]
base_0493,a dry television,attribute_object,certain,,template: a [attribute] [object]
base_0494,a heavy dog,attribute_object,certain,,template: a [attribute] [object]
base_0495,a heavy cat,attribute_object,certain,,template: a [attribute] [object]
base_0496,a heavy chair,attribute_object,certain,,template: a [attribute] [object]
base_0497,a heavy table,attribute_object,certain,,template: a [attribute] [object]
base_0498,a heavy cup,attribute_object,certain,,template: a [attribute] [object]
base_0499,a heavy bottle,attribute_object,certain,,template: a [attribute] [object]
base_0500,a heavy bicycle,attribute_object,certain,,template: a [attribute] [object]
base_0501,a heavy car,attribute_object,certain,,template: a [attribute] [object]
base_0502,a heavy rack,attribute_object,certain,,template: a [attribute] [object]
base_0503,a heavy apple,attribute_object,certain,,template: a [attribute] [object]
base_0504,a heavy banana,attribute_object,certain,,template: a [attribute] [object]
base_0505,a heavy book,attribute_object,certain,,template: a [attribute] [object]
base_0506,a heavy phone,attribute_object,certain,,template: a [attribute] [object]
base_0507,a heavy laptop,attribute_object,certain,,template: a [attribute] [object]
base_0508,a heavy camera,attribute_object,certain,,template: a [attribute] [object]
base_0509,a heavy backpack,attribute_object,certain,,template: a [attribute] [object]
base_0510,a heavy television,attribute_object,certain,,template: a [attribute] [object]
base_0511,a light dog,attribute_object,certain,,template: a [attribute] [object]
base_0512,a light cat,attribute_object,certain,,template: a [attribute] [object]
base_0513,a light chair,attribute_object,certain,,template: a [attribute] [object]
base_0514,a light table,attribute_object,certain,,template: a [attribute] [object]
base_0515,a light cup,attribute_object,certain,,template: a [attribute] [object]
base_0516,a light bottle,attribute_object,certain,,template: a [attribute] [object]
base_0517,a light bicycle,attribute_object,certain,,template: a [attribute] [object]
base_0518,a light car,attribute_object,certain,,template: a [attribute] [object]
base_0519,a light rack,attribute_object,certain,,template: a [attribute] [object]
base_0520,a light apple,attribute_object,certain,,template: a [attribute] [object]
base_0521,a light banana,attribute_object,certain,,template: a [attribute] [object]
base_0522,a light book,attribute_object,certain,,template: a [attribute] [object]
base_0523,a light phone,attribute_object,certain,,template: a [attribute] [object]
base_0524,a light laptop,attribute_object,certain,,template: a [attribute] [object]
base_0525,a light camera,attribute_object,certain,,template: a [attribute] [object]
base_0526,a light backpack,attribute_object,certain,,template: a [attribute] [object]
base_0527,a light television,attribute_object,certain,,template: a [attribute] [object]
base_0528,a round dog,attribute_object,certain,,template: a [attribute] [object]
base_0529,a round cat,attribute_object,certain,,template: a [attribute] [object]
base_0530,a round chair,attribute_object,certain,,template: a [attribute] [object]
base_0531,a round table,attribute_object,certain,,template: a [attribute] [object]
base_0532,a round cup,attribute_object,certain,,template: a [attribute] [object]
base_0533,a round bottle,attribute_object,certain,,template: a [attribute] [object]
base_0534,a round bicycle,attribute_object,certain,,template: a [attribute] [object]
base_0535,a round car,attribute_object,certain,,template: a [attribute] [object]
base_0536,a round rack,attribute_object,certain,,template: a [attribute] [object]
base_0537,a round apple,attribute_object,certain,,template: a [attribute] [object]
base_0538,a round banana,attribute_object,certain,,template: a [attribute] [object]
base_0539,a round book,attribute_object,certain,,template: a [attribute] [object]
base_0540,a round phone,attribute_object,certain,,template: a [attribute] [object]
base_0541,a round laptop,attribute_object,certain,,template: a [attribute] [object]
base_0542,a round camera,attribute_object,certain,,template: a [attribute] [object]
base_0543,a round backpack,attribute_object,certain,,template: a [attribute] [object]
base_0544,a round television,attribute_object,certain,,template: a [attribute] [object]
base_0545,a dog on a table,object_on_surface,certain,,template: a [object] on a [surface]
base_0546,a dog on a floor,object_on_surface,certain,,template: a [object] on a [surface]
base_0547,a dog on a desk,object_on_surface,certain,,template: a [object] on a [surface]
base_0548,a dog on a shelf,object_on_surface,certain,,template: a [object] on a [surface]
base_0549,a dog on a bed,object_on_surface,certain,,template: a [object] on a [surface]
base_0550,a cat on a table,object_on_surface,certain,,template: a [object] on a [surface]
base_0551,a cat on a floor,object_on_surface,certain,,template: a [object] on a [surface]
base_0552,a cat on a desk,object_on_surface,certain,,template: a [object] on a [surface]
base_0553,a cat on a shelf,object_on_surface,certain,,template: a [object] on a [surface]
base_0554,a cat on a bed,object_on_surface,certain,,template: a [object] on a [surface]
base_0555,a chair on a table,object_on_surface,certain,,template: a [object] on a [surface]
base_0556,a chair on a floor,object_on_surface,certain,,template: a [object] on a [surface]
base_0557,a chair on a desk,object_on_surface,certain,,template: a [object] on a [surface]
base_0558,a chair on a shelf,object_on_surface,certain,,template: a [object] on a [surface]
base_0559,a chair on a bed,object_on_surface,certain,,template: a [object] on a [surface]
base_0560,a table on a table,object_on_surface,certain,,template: a [object] on a [surface]
base_0561,a table on a floor,object_on_surface,certain,,template: a [object] on a [surface]
base_0562,a table on a desk,object_on_surface,certain,,template: a [object] on a [surface]
base_0563,a table on a shelf,object_on_surface,certain,,template: a [object] on a [surface]
base_0564,a table on a bed,object_on_surface,certain,,template: a [object] on a [surface]
base_0565,a cup on a table,object_on_surface,certain,,template: a [object] on a [surface]
base_0566,a cup on a floor,object_on_surface,certain,,template: a [object] on a [surface]
base_0567,a cup on a desk,object_on_surface,certain,,template: a [object] on a [surface]
base_0568,a cup on a shelf,object_on_surface,certain,,template: a [object] on a [surface]
base_0569,a cup on a bed,object_on_surface,certain,,template: a [object] on a [surface]
base_0570,a bottle on a table,object_on_surface,certain,,template: a [object] on a [surface]
base_0571,a bottle on a floor,object_on_surface,certain,,template: a [object] on a [surface]
base_0572,a bottle on a desk,object_on_surface,certain,,template: a [object] on a [surface]
base_0573,a bottle on a shelf,object_on_surface,certain,,template: a [object] on a [surface]
base_0574,a bottle on a bed,object_on_surface,certain,,template: a [object] on a [surface]
base_0575,a bicycle on a table,object_on_surface,certain,,template: a [object] on a [surface]
base_0576,a bicycle on a floor,object_on_surface,certain,,template: a [object] on a [surface]
base_0577,a bicycle on a desk,object_on_surface,certain,,template: a [object] on a [surface]
base_0578,a bicycle on a shelf,object_on_surface,certain,,template: a [object] on a [surface]
base_0579,a bicycle on a bed,object_on_surface,certain,,template: a [object] on a [surface]
base_0580,a car on a table,object_on_surface,certain,,template: a [object] on a [surface]
base_0581,a car on a floor,object_on_surface,certain,,template: a [object] on a [surface]
base_0582,a car on a desk,object_on_surface,certain,,template: a [object] on a [surface]
base_0583,a car on a shelf,object_on_surface,certain,,template: a [object] on a [surface]
base_0584,a car on a bed,object_on_surface,certain,,template: a [object] on a [surface]
base_0585,a rack on a table,object_on_surface,certain,,template: a [object] on a [surface]
base_0586,a rack on a floor,object_on_surface,certain,,template: a [object] on a [surface]
base_0587,a rack on a desk,object_on_surface,certain,,template: a [object] on a [surface]
base_0588,a rack on a shelf,object_on_surface,certain,,template: a [object] on a [surface]
base_0589,a rack on a bed,object_on_surface,certain,,template: a [object] on a [surface]
base_0590,an apple on a table,object_on_surface,certain,,template: a [object] on a [surface]
base_0591,an apple on a floor,object_on_surface,certain,,template: a [object] on a [surface]
base_0592,an apple on a desk,object_on_surface,certain,,template: a [object] on a [surface]
base_0593,an apple on a shelf,object_on_surface,certain,,template: a [object] on a [surface]
base_0594,an apple on a bed,object_on_surface,certain,,template: a [object] on a [surface]
base_0595,a banana on a table,object_on_surface,certain,,template: a [object] on a [surface]
base_0596,a banana on a floor,object_on_surface,certain,,template: a [object] on a [surface]
base_0597,a banana on a desk,object_on_surface,certain,,template: a [object] on a [surface]
base_0598,a banana on a shelf,object_on_surface,certain,,template: a [object] on a [surface]
base_0599,a banana on a bed,object_on_surface,certain,,template: a [object] on a [surface]
base_0600,a book on a table,object_on_surface,certain,,template: a [object] on a [surface]
base_0601,a book on a floor,object_on_surface,certain,,template: a [object] on a [surface]
base_0602,a book on a desk,object_on_surface,certain,,template: a [object] on a [surface]
base_0603,a book on a shelf,object_on_surface,certain,,template: a [object] on a [surface]
base_0604,a book on a bed,object_on_surface,certain,,template: a [object] on a [surface]
base_0605,a phone on a table,object_on_surface,certain,,template: a [object] on a [surface]
base_0606,a phone on a floor,object_on_surface,certain,,template: a [object] on a [surface]
base_0607,a phone on a desk,object_on_surface,certain,,template: a [object] on a [surface]
base_0608,a phone on a shelf,object_on_surface,certain,,template: a [object] on a [surface]
base_0609,a phone on a bed,object_on_surface,certain,,template: a [object] on a [surface]
base_0610,a laptop on a table,object_on_surface,certain,,template: a [object] on a [surface]
base_0611,a laptop on a floor,object_on_surface,certain,,template: a [object] on a [surface]
base_0612,a laptop on a desk,object_on_surface,certain,,template: a [object] on a [surface]
base_0613,a laptop on a shelf,object_on_surface,certain,,template: a [object] on a [surface]
base_0614,a laptop on a bed,object_on_surface,certain,,template: a [object] on a [surface]
base_0615,a camera on a table,object_on_surface,certain,,template: a [object] on a [surface]
base_0616,a camera on a floor,object_on_surface,certain,,template: a [object] on a [surface]
base_0617,a camera on a desk,object_on_surface,certain,,template: a [object] on a [surface]
base_0618,a camera on a shelf,object_on_surface,certain,,template: a [object] on a [surface]
base_0619,a camera on a bed,object_on_surface,certain,,template: a [object] on a [surface]
base_0620,a backpack on a table,object_on_surface,certain,,template: a [object] on a [surface]
base_0621,a backpack on a floor,object_on_surface,certain,,template: a [object] on a [surface]
base_0622,a backpack on a desk,object_on_surface,certain,,template: a [object] on a [surface]
base_0623,a backpack on a shelf,object_on_surface,certain,,template: a [object] on a [surface]
base_0624,a backpack on a bed,object_on_surface,certain,,template: a [object] on a [surface]
base_0625,a television on a table,object_on_surface,certain,,template: a [object] on a [surface]
base_0626,a television on a floor,object_on_surface,certain,,template: a [object] on a [surface]
base_0627,a television on a desk,object_on_surface,certain,,template: a [object] on a [surface]
base_0628,a television on a shelf,object_on_surface,certain,,template: a [object] on a [surface]
base_0629,a television on a bed,object_on_surface,certain,,template: a [object] on a [surface]
base_0630,two dogs in a room,two_objects_in_place,certain,,template: two [objects] in a [place]
base_0631,two dogs in a street,two_objects_in_place,certain,,template: two [objects] in a [place]
base_0632,two dogs in a park,two_objects_in_place,certain,,template: two [objects] in a [place]
base_0633,two dogs in a kitchen,two_objects_in_place,certain,,template: two [objects] in a [place]
base_0634,two dogs in a beach,two_objects_in_place,certain,,template: two [objects] in a [place]
base_0635,two dogs in an office,two_objects_in_place,certain,,template: two [objects] in a [place]
base_0636,two dogs in a garden,two_objects_in_place,certain,,template: two [objects] in a [place]
base_0637,two dogs in a forest,two_objects_in_place,certain,,template: two [objects] in a [place]
base_0638,two dogs in a desert,two_objects_in_place,certain,,template: two [objects] in a [place]
base_0639,two dogs in a city,two_objects_in_place,certain,,template: two [objects] in a [place]
base_0640,two dogs in a village,two_objects_in_place,certain,,template: two [objects] in a [place]
base_0641,two dogs in a restaurant,two_objects_in_place,certain,,template: two [objects] in a [place]
base_0642,two dogs in a cafe,two_objects_in_place,certain,,template: two [objects] in a [place]
base_0643,two dogs in a library,two_objects_in_place,certain,,template: two [objects] in a [place]
base_0644,two dogs in a school,two_objects_in_place,certain,,template: two [objects] in a [place]
base_0645,two dogs in a market,two_objects_in_place,certain,,template: two [objects] in a [place]
base_0646,two dogs in a farm,two_objects_in_place,certain,,template: two [objects] in a [place]
base_0647,two dogs in a field,two_objects_in_place,certain,,template: two [objects] in a [place]
base_0648,two dogs in an airport,two_objects_in_place,certain,,template: two [objects] in a [place]
base_0649,two dogs in a station,two_objects_in_place,certain,,template: two [objects] in a [place]
base_0650,two cats in a room,two_objects_in_place,certain,,template: two [objects] in a [place]
base_0651,two cats in a street,two_objects_in_place,certain,,template: two [objects] in a [place]
base_0652,two cats in a park,two_objects_in_place,certain,,template: two [objects] in a [place]
base_0653,two cats in a kitchen,two_objects_in_place,certain,,template: two [objects] in a [place]
base_0654,two cats in a beach,two_objects_in_place,certain,,template: two [objects] in a [place]
base_0655,two cats in an office,two_objects_in_place,certain,,template: two [objects] in a [place]
base_0656,two cats in a garden,two_objects_in_place,certain,,template: two [objects] in a [place]
base_0657,two cats in a forest,two_objects_in_place,certain,,template: two [objects] in a [place]
base_0658,two cats in a desert,two_objects_in_place,certain,,template: two [objects] in a [place]
base_0659,two cats in a city,two_objects_in_place,certain,,template: two [objects] in a [place]
base_0660,two cats in a village,two_objects_in_place,certain,,template: two [objects] in a [place]
base_0661,two cats in a restaurant,two_objects_in_place,certain,,template: two [objects] in a [place]
base_0662,two cats in a cafe,two_objects_in_place,certain,,template: two [objects] in a [place]
base_0663,two cats in a library,two_objects_in_place,certain,,template: two [objects] in a [place]
base_0664,two cats in a school,two_objects_in_place,certain,,template: two [objects] in a [place]
base_0665,two cats in a market,two_objects_in_place,certain,,template: two [objects] in a [place]
base_0666,two cats in a farm,two_objects_in_place,certain,,template: two [objects] in a [place]
base_0667,two cats in a field,two_objects_in_place,certain,,template: two [objects] in a [place]
base_0668,two cats in an airport,two_objects_in_place,certain,,template: two [objects] in a [place]
base_0669,two cats in a station,two_objects_in_place,certain,,template: two [objects] in a [place]
base_0670,two chairs in a room,two_objects_in_place,certain,,template: two [objects] in a [place]
base_0671,two chairs in a street,two_objects_in_place,certain,,template: two [objects] in a [place]
base_0672,two chairs in a park,two_objects_in_place,certain,,template: two [objects] in a [place]
base_0673,two chairs in a kitchen,two_objects_in_place,certain,,template: two [objects] in a [place]
base_0674,two chairs in a beach,two_objects_in_place,certain,,template: two [objects] in a [place]
base_0675,two chairs in an office,two_objects_in_place,certain,,template: two [objects] in a [place]
base_0676,two chairs in a garden,two_objects_in_place,certain,,template: two [objects] in a [place]
base_0677,two chairs in a forest,two_objects_in_place,certain,,template: two [objects] in a [place]
base_0678,two chairs in a desert,two_objects_in_place,certain,,template: two [objects] in a [place]
base_0679,two chairs in a city,two_objects_in_place,certain,,template: two [objects] in a [place]
base_0680,two chairs in a village,two_objects_in_place,certain,,template: two [objects] in a [place]
base_0681,two chairs in a restaurant,two_objects_in_place,certain,,template: two [objects] in a [place]
base_0682,two chairs in a cafe,two_objects_in_place,certain,,template: two [objects] in a [place]
base_0683,two chairs in a library,two_objects_in_place,certain,,template: two [objects] in a [place]
base_0684,two chairs in a school,two_objects_in_place,certain,,template: two [objects] in a [place]
base_0685,two chairs in a market,two_objects_in_place,certain,,template: two [objects] in a [place]
base_0686,two chairs in a farm,two_objects_in_place,certain,,template: two [objects] in a [place]
base_0687,two chairs in a field,two_objects_in_place,certain,,template: two [objects] in a [place]
base_0688,two chairs in an airport,two_objects_in_place,certain,,template: two [objects] in a [place]
base_0689,two chairs in a station,two_objects_in_place,certain,,template: two [objects] in a [place]
base_0690,two tables in a room,two_objects_in_place,certain,,template: two [objects] in a [place]
base_0691,two tables in a street,two_objects_in_place,certain,,template: two [objects] in a [place]
base_0692,two tables in a park,two_objects_in_place,certain,,template: two [objects] in a [place]
base_0693,two tables in a kitchen,two_objects_in_place,certain,,template: two [objects] in a [place]
base_0694,two tables in a beach,two_objects_in_place,certain,,template: two [objects] in a [place]
base_0695,two tables in an office,two_objects_in_place,certain,,template: two [objects] in a [place]
base_0696,two tables in a garden,two_objects_in_place,certain,,template: two [objects] in a [place]
base_0697,two tables in a forest,two_objects_in_place,certain,,template: two [objects] in a [place]
base_0698,two tables in a desert,two_objects_in_place,certain,,template: two [objects] in a [place]
base_0699,two tables in a city,two_objects_in_place,certain,,template: two [objects] in a [place]
base_0700,two tables in a village,two_objects_in_place,certain,,template: two [objects] in a [place]
base_0701,two tables in a restaurant,two_objects_in_place,certain,,template: two [objects] in a [place]
base_0702,two tables in a cafe,two_objects_in_place,certain,,template: two [objects] in a [place]
base_0703,two tables in a library,two_objects_in_place,certain,,template: two [objects] in a [place]
base_0704,two tables in a school,two_objects_in_place,certain,,template: two [objects] in a [place]
base_0705,two tables in a market,two_objects_in_place,certain,,template: two [objects] in a [place]
base_0706,two tables in a farm,two_objects_in_place,certain,,template: two [objects] in a [place]
base_0707,two tables in a field,two_objects_in_place,certain,,template: two [objects] in a [place]
base_0708,two tables in an airport,two_objects_in_place,certain,,template: two [objects] in a [place]
base_0709,two tables in a station,two_objects_in_place,certain,,template: two [objects] in a [place]
base_0710,two cups in a room,two_objects_in_place,certain,,template: two [objects] in a [place]
base_0711,two cups in a street,two_objects_in_place,certain,,template: two [objects] in a [place]
base_0712,two cups in a park,two_objects_in_place,certain,,template: two [objects] in a [place]
base_0713,two cups in a kitchen,two_objects_in_place,certain,,template: two [objects] in a [place]
base_0714,two cups in a beach,two_objects_in_place,certain,,template: two [objects] in a [place]
base_0715,two cups in an office,two_objects_in_place,certain,,template: two [objects] in a [place]
base_0716,two cups in a garden,two_objects_in_place,certain,,template: two [objects] in a [place]
base_0717,two cups in a forest,two_objects_in_place,certain,,template: two [objects] in a [place]
base_0718,two cups in a desert,two_objects_in_place,certain,,template: two [objects] in a [place]
base_0719,two cups in a city,two_objects_in_place,certain,,template: two [objects] in a [place]
base_0720,two cups in a village,two_objects_in_place,certain,,template: two [objects] in a [place]
base_0721,two cups in a restaurant,two_objects_in_place,certain,,template: two [objects] in a [place]
base_0722,two cups in a cafe,two_objects_in_place,certain,,template: two [objects] in a [place]
base_0723,two cups in a library,two_objects_in_place,certain,,template: two [objects] in a [place]
base_0724,two cups in a school,two_objects_in_place,certain,,template: two [objects] in a [place]
base_0725,two cups in a market,two_objects_in_place,certain,,template: two [objects] in a [place]
base_0726,two cups in a farm,two_objects_in_place,certain,,template: two [objects] in a [place]
base_0727,two cups in a field,two_objects_in_place,certain,,template: two [objects] in a [place]
base_0728,two cups in an airport,two_objects_in_place,certain,,template: two [objects] in a [place]
base_0729,two cups in a station,two_objects_in_place,certain,,template: two [objects] in a [place]
base_0730,two bottles in a room,two_objects_in_place,certain,,template: two [objects] in a [place]
base_0731,two bottles in a street,two_objects_in_place,certain,,template: two [objects] in a [place]
base_0732,two bottles in a park,two_objects_in_place,certain,,template: two [objects] in a [place]
base_0733,two bottles in a kitchen,two_objects_in_place,certain,,template: two [objects] in a [place]
base_0734,two bottles in a beach,two_objects_in_place,certain,,template: two [objects] in a [place]
base_0735,two bottles in an office,two_objects_in_place,certain,,template: two [objects] in a [place]
base_0736,two bottles in a garden,two_objects_in_place,certain,,template: two [objects] in a [place]
base_0737,two bottles in a forest,two_objects_in_place,certain,,template: two [objects] in a [place]
base_0738,two bottles in a desert,two_objects_in_place,certain,,template: two [objects] in a [place]
base_0739,two bottles in a city,two_objects_in_place,certain,,template: two [objects] in a [place]
base_0740,two bottles in a village,two_objects_in_place,certain,,template: two [objects] in a [place]
base_0741,two bottles in a restaurant,two_objects_in_place,certain,,template: two [objects] in a [place]
base_0742,two bottles in a cafe,two_objects_in_place,certain,,template: two [objects] in a [place]
base_0743,two bottles in a library,two_objects_in_place,certain,,template: two [objects] in a [place]
base_0744,two bottles in a school,two_objects_in_place,certain,,template: two [objects] in a [place]
base_0745,two bottles in a market,two_objects_in_place,certain,,template: two [objects] in a [place]
base_0746,two bottles in a farm,two_objects_in_place,certain,,template: two [objects] in a [place]
base_0747,two bottles in a field,two_objects_in_place,certain,,template: two [objects] in a [place]
base_0748,two bottles in an airport,two_objects_in_place,certain,,template: two [objects] in a [place]
base_0749,two bottles in a station,two_objects_in_place,certain,,template: two [objects] in a [place]
base_0750,two bicycles in a room,two_objects_in_place,certain,,template: two [objects] in a [place]
base_0751,two bicycles in a street,two_objects_in_place,certain,,template: two [objects] in a [place]
base_0752,two bicycles in a park,two_objects_in_place,certain,,template: two [objects] in a [place]
base_0753,two bicycles in a kitchen,two_objects_in_place,certain,,template: two [objects] in a [place]
base_0754,two bicycles in a beach,two_objects_in_place,certain,,template: two [objects] in a [place]
base_0755,two bicycles in an office,two_objects_in_place,certain,,template: two [objects] in a [place]
base_0756,two bicycles in a garden,two_objects_in_place,certain,,template: two [objects] in a [place]
base_0757,two bicycles in a forest,two_objects_in_place,certain,,template: two [objects] in a [place]
base_0758,two bicycles in a desert,two_objects_in_place,certain,,template: two [objects] in a [place]
base_0759,two bicycles in a city,two_objects_in_place,certain,,template: two [objects] in a [place]
base_0760,two bicycles in a village,two_objects_in_place,certain,,template: two [objects] in a [place]
base_0761,two bicycles in a restaurant,two_objects_in_place,certain,,template: two [objects] in a [place]
base_0762,two bicycles in a cafe,two_objects_in_place,certain,,template: two [objects] in a [place]
base_0763,two bicycles in a library,two_objects_in_place,certain,,template: two [objects] in a [place]
base_0764,two bicycles in a school,two_objects_in_place,certain,,template: two [objects] in a [place]
base_0765,two bicycles in a market,two_objects_in_place,certain,,template: two [objects] in a [place]
base_0766,two bicycles in a farm,two_objects_in_place,certain,,template: two [objects] in a [place]
base_0767,two bicycles in a field,two_objects_in_place,certain,,template: two [objects] in a [place]
base_0768,two bicycles in an airport,two_objects_in_place,certain,,template: two [objects] in a [place]
base_0769,two bicycles in a station,two_objects_in_place,certain,,template: two [objects] in a [place]
base_0770,two cars in a room,two_objects_in_place,certain,,template: two [objects] in a [place]
base_0771,two cars in a street,two_objects_in_place,certain,,template: two [objects] in a [place]
base_0772,two cars in a park,two_objects_in_place,certain,,template: two [objects] in a [place]
base_0773,two cars in a kitchen,two_objects_in_place,certain,,template: two [objects] in a [place]
base_0774,two cars in a beach,two_objects_in_place,certain,,template: two [objects] in a [place]
base_0775,two cars in an office,two_objects_in_place,certain,,template: two [objects] in a [place]
base_0776,two cars in a garden,two_objects_in_place,certain,,template: two [objects] in a [place]
base_0777,two cars in a forest,two_objects_in_place,certain,,template: two [objects] in a [place]
base_0778,two cars in a desert,two_objects_in_place,certain,,template: two [objects] in a [place]
base_0779,two cars in a city,two_objects_in_place,certain,,template: two [objects] in a [place]
base_0780,two cars in a village,two_objects_in_place,certain,,template: two [objects] in a [place]
base_0781,two cars in a restaurant,two_objects_in_place,certain,,template: two [objects] in a [place]
base_0782,two cars in a cafe,two_objects_in_place,certain,,template: two [objects] in a [place]
base_0783,two cars in a library,two_objects_in_place,certain,,template: two [objects] in a [place]
base_0784,two cars in a school,two_objects_in_place,certain,,template: two [objects] in a [place]
base_0785,two cars in a market,two_objects_in_place,certain,,template: two [objects] in a [place]
base_0786,two cars in a farm,two_objects_in_place,certain,,template: two [objects] in a [place]
base_0787,two cars in a field,two_objects_in_place,certain,,template: two [objects] in a [place]
base_0788,two cars in an airport,two_objects_in_place,certain,,template: two [objects] in a [place]
base_0789,two cars in a station,two_objects_in_place,certain,,template: two [objects] in a [place]
base_0790,two racks in a room,two_objects_in_place,certain,,template: two [objects] in a [place]
base_0791,two racks in a street,two_objects_in_place,certain,,template: two [objects] in a [place]
base_0792,two racks in a park,two_objects_in_place,certain,,template: two [objects] in a [place]
base_0793,two racks in a kitchen,two_objects_in_place,certain,,template: two [objects] in a [place]
base_0794,two racks in a beach,two_objects_in_place,certain,,template: two [objects] in a [place]
base_0795,two racks in an office,two_objects_in_place,certain,,template: two [objects] in a [place]
base_0796,two racks in a garden,two_objects_in_place,certain,,template: two [objects] in a [place]
base_0797,two racks in a forest,two_objects_in_place,certain,,template: two [objects] in a [place]
base_0798,two racks in a desert,two_objects_in_place,certain,,template: two [objects] in a [place]
base_0799,two racks in a city,two_objects_in_place,certain,,template: two [objects] in a [place]
base_0800,two racks in a village,two_objects_in_place,certain,,template: two [objects] in a [place]
base_0801,two racks in a restaurant,two_objects_in_place,certain,,template: two [objects] in a [place]
base_0802,two racks in a cafe,two_objects_in_place,certain,,template: two [objects] in a [place]
base_0803,two racks in a library,two_objects_in_place,certain,,template: two [objects] in a [place]
base_0804,two racks in a school,two_objects_in_place,certain,,template: two [objects] in a [place]
base_0805,two racks in a market,two_objects_in_place,certain,,template: two [objects] in a [place]
base_0806,two racks in a farm,two_objects_in_place,certain,,template: two [objects] in a [place]
base_0807,two racks in a field,two_objects_in_place,certain,,template: two [objects] in a [place]
base_0808,two racks in an airport,two_objects_in_place,certain,,template: two [objects] in a [place]
base_0809,two racks in a station,two_objects_in_place,certain,,template: two [objects] in a [place]
base_0810,two apples in a room,two_objects_in_place,certain,,template: two [objects] in a [place]
base_0811,two apples in a street,two_objects_in_place,certain,,template: two [objects] in a [place]
base_0812,two apples in a park,two_objects_in_place,certain,,template: two [objects] in a [place]
base_0813,two apples in a kitchen,two_objects_in_place,certain,,template: two [objects] in a [place]
base_0814,two apples in a beach,two_objects_in_place,certain,,template: two [objects] in a [place]
base_0815,two apples in an office,two_objects_in_place,certain,,template: two [objects] in a [place]
base_0816,two apples in a garden,two_objects_in_place,certain,,template: two [objects] in a [place]
base_0817,two apples in a forest,two_objects_in_place,certain,,template: two [objects] in a [place]
base_0818,two apples in a desert,two_objects_in_place,certain,,template: two [objects] in a [place]
base_0819,two apples in a city,two_objects_in_place,certain,,template: two [objects] in a [place]
base_0820,two apples in a village,two_objects_in_place,certain,,template: two [objects] in a [place]
base_0821,two apples in a restaurant,two_objects_in_place,certain,,template: two [objects] in a [place]
base_0822,two apples in a cafe,two_objects_in_place,certain,,template: two [objects] in a [place]
base_0823,two apples in a library,two_objects_in_place,certain,,template: two [objects] in a [place]
base_0824,two apples in a school,two_objects_in_place,certain,,template: two [objects] in a [place]
base_0825,two apples in a market,two_objects_in_place,certain,,template: two [objects] in a [place]
base_0826,two apples in a farm,two_objects_in_place,certain,,template: two [objects] in a [place]
base_0827,two apples in a field,two_objects_in_place,certain,,template: two [objects] in a [place]
base_0828,two apples in an airport,two_objects_in_place,certain,,template: two [objects] in a [place]
base_0829,two apples in a station,two_objects_in_place,certain,,template: two [objects] in a [place]
base_0830,two bananas in a room,two_objects_in_place,certain,,template: two [objects] in a [place]
base_0831,two bananas in a street,two_objects_in_place,certain,,template: two [objects] in a [place]
base_0832,two bananas in a park,two_objects_in_place,certain,,template: two [objects] in a [place]
base_0833,two bananas in a kitchen,two_objects_in_place,certain,,template: two [objects] in a [place]
base_0834,two bananas in a beach,two_objects_in_place,certain,,template: two [objects] in a [place]
base_0835,two bananas in an office,two_objects_in_place,certain,,template: two [objects] in a [place]
base_0836,two bananas in a garden,two_objects_in_place,certain,,template: two [objects] in a [place]
base_0837,two bananas in a forest,two_objects_in_place,certain,,template: two [objects] in a [place]
base_0838,two bananas in a desert,two_objects_in_place,certain,,template: two [objects] in a [place]
base_0839,two bananas in a city,two_objects_in_place,certain,,template: two [objects] in a [place]
base_0840,two bananas in a village,two_objects_in_place,certain,,template: two [objects] in a [place]
base_0841,two bananas in a restaurant,two_objects_in_place,certain,,template: two [objects] in a [place]
base_0842,two bananas in a cafe,two_objects_in_place,certain,,template: two [objects] in a [place]
base_0843,two bananas in a library,two_objects_in_place,certain,,template: two [objects] in a [place]
base_0844,two bananas in a school,two_objects_in_place,certain,,template: two [objects] in a [place]
base_0845,two bananas in a market,two_objects_in_place,certain,,template: two [objects] in a [place]
base_0846,two bananas in a farm,two_objects_in_place,certain,,template: two [objects] in a [place]
base_0847,two bananas in a field,two_objects_in_place,certain,,template: two [objects] in a [place]
base_0848,two bananas in an airport,two_objects_in_place,certain,,template: two [objects] in a [place]
base_0849,two bananas in a station,two_objects_in_place,certain,,template: two [objects] in a [place]
base_0850,two books in a room,two_objects_in_place,certain,,template: two [objects] in a [place]
base_0851,two books in a street,two_objects_in_place,certain,,template: two [objects] in a [place]
base_0852,two books in a park,two_objects_in_place,certain,,template: two [objects] in a [place]
base_0853,two books in a kitchen,two_objects_in_place,certain,,template: two [objects] in a [place]
base_0854,two books in a beach,two_objects_in_place,certain,,template: two [objects] in a [place]
base_0855,two books in an office,two_objects_in_place,certain,,template: two [objects] in a [place]
base_0856,two books in a garden,two_objects_in_place,certain,,template: two [objects] in a [place]
base_0857,two books in a forest,two_objects_in_place,certain,,template: two [objects] in a [place]
base_0858,two books in a desert,two_objects_in_place,certain,,template: two [objects] in a [place]
base_0859,two books in a city,two_objects_in_place,certain,,template: two [objects] in a [place]
base_0860,two books in a village,two_objects_in_place,certain,,template: two [objects] in a [place]
base_0861,two books in a restaurant,two_objects_in_place,certain,,template: two [objects] in a [place]
base_0862,two books in a cafe,two_objects_in_place,certain,,template: two [objects] in a [place]
base_0863,two books in a library,two_objects_in_place,certain,,template: two [objects] in a [place]
base_0864,two books in a school,two_objects_in_place,certain,,template: two [objects] in a [place]
base_0865,two books in a market,two_objects_in_place,certain,,template: two [objects] in a [place]
base_0866,two books in a farm,two_objects_in_place,certain,,template: two [objects] in a [place]
base_0867,two books in a field,two_objects_in_place,certain,,template: two [objects] in a [place]
base_0868,two books in an airport,two_objects_in_place,certain,,template: two [objects] in a [place]
base_0869,two books in a station,two_objects_in_place,certain,,template: two [objects] in a [place]
base_0870,two phones in a room,two_objects_in_place,certain,,template: two [objects] in a [place]
base_0871,two phones in a street,two_objects_in_place,certain,,template: two [objects] in a [place]
base_0872,two phones in a park,two_objects_in_place,certain,,template: two [objects] in a [place]
base_0873,two phones in a kitchen,two_objects_in_place,certain,,template: two [objects] in a [place]
base_0874,two phones in a beach,two_objects_in_place,certain,,template: two [objects] in a [place]
base_0875,two phones in an office,two_objects_in_place,certain,,template: two [objects] in a [place]
base_0876,two phones in a garden,two_objects_in_place,certain,,template: two [objects] in a [place]
base_0877,two phones in a forest,two_objects_in_place,certain,,template: two [objects] in a [place]
base_0878,two phones in a desert,two_objects_in_place,certain,,template: two [objects] in a [place]
base_0879,two phones in a city,two_objects_in_place,certain,,template: two [objects] in a [place]
base_0880,two phones in a village,two_objects_in_place,certain,,template: two [objects] in a [place]
base_0881,two phones in a restaurant,two_objects_in_place,certain,,template: two [objects] in a [place]
base_0882,two phones in a cafe,two_objects_in_place,certain,,template: two [objects] in a [place]
base_0883,two phones in a library,two_objects_in_place,certain,,template: two [objects] in a [place]
base_0884,two phones in a school,two_objects_in_place,certain,,template: two [objects] in a [place]
base_0885,two phones in a market,two_objects_in_place,certain,,template: two [objects] in a [place]
base_0886,two phones in a farm,two_objects_in_place,certain,,template: two [objects] in a [place]
base_0887,two phones in a field,two_objects_in_place,certain,,template: two [objects] in a [place]
base_0888,two phones in an airport,two_objects_in_place,certain,,template: two [objects] in a [place]
base_0889,two phones in a station,two_objects_in_place,certain,,template: two [objects] in a [place]
base_0890,two laptops in a room,two_objects_in_place,certain,,template: two [objects] in a [place]
base_0891,two laptops in a street,two_objects_in_place,certain,,template: two [objects] in a [place]
base_0892,two laptops in a park,two_objects_in_place,certain,,template: two [objects] in a [place]
base_0893,two laptops in a kitchen,two_objects_in_place,certain,,template: two [objects] in a [place]
base_0894,two laptops in a beach,two_objects_in_place,certain,,template: two [objects] in a [place]
base_0895,two laptops in an office,two_objects_in_place,certain,,template: two [objects] in a [place]
base_0896,two laptops in a garden,two_objects_in_place,certain,,template: two [objects] in a [place]
base_0897,two laptops in a forest,two_objects_in_place,certain,,template: two [objects] in a [place]
base_0898,two laptops in a desert,two_objects_in_place,certain,,template: two [objects] in a [place]
base_0899,two laptops in a city,two_objects_in_place,certain,,template: two [objects] in a [place]
base_0900,two laptops in a village,two_objects_in_place,certain,,template: two [objects] in a [place]
base_0901,two laptops in a restaurant,two_objects_in_place,certain,,template: two [objects] in a [place]
base_0902,two laptops in a cafe,two_objects_in_place,certain,,template: two [objects] in a [place]
base_0903,two laptops in a library,two_objects_in_place,certain,,template: two [objects] in a [place]
base_0904,two laptops in a school,two_objects_in_place,certain,,template: two [objects] in a [place]
base_0905,two laptops in a market,two_objects_in_place,certain,,template: two [objects] in a [place]
base_0906,two laptops in a farm,two_objects_in_place,certain,,template: two [objects] in a [place]
base_0907,two laptops in a field,two_objects_in_place,certain,,template: two [objects] in a [place]
base_0908,two laptops in an airport,two_objects_in_place,certain,,template: two [objects] in a [place]
base_0909,two laptops in a station,two_objects_in_place,certain,,template: two [objects] in a [place]
base_0910,two cameras in a room,two_objects_in_place,certain,,template: two [objects] in a [place]
base_0911,two cameras in a street,two_objects_in_place,certain,,template: two [objects] in a [place]
base_0912,two cameras in a park,two_objects_in_place,certain,,template: two [objects] in a [place]
base_0913,two cameras in a kitchen,two_objects_in_place,certain,,template: two [objects] in a [place]
base_0914,two cameras in a beach,two_objects_in_place,certain,,template: two [objects] in a [place]
base_0915,two cameras in an office,two_objects_in_place,certain,,template: two [objects] in a [place]
base_0916,two cameras in a garden,two_objects_in_place,certain,,template: two [objects] in a [place]
base_0917,two cameras in a forest,two_objects_in_place,certain,,template: two [objects] in a [place]
base_0918,two cameras in a desert,two_objects_in_place,certain,,template: two [objects] in a [place]
base_0919,two cameras in a city,two_objects_in_place,certain,,template: two [objects] in a [place]
base_0920,two cameras in a village,two_objects_in_place,certain,,template: two [objects] in a [place]
base_0921,two cameras in a restaurant,two_objects_in_place,certain,,template: two [objects] in a [place]
base_0922,two cameras in a cafe,two_objects_in_place,certain,,template: two [objects] in a [place]
base_0923,two cameras in a library,two_objects_in_place,certain,,template: two [objects] in a [place]
base_0924,two cameras in a school,two_objects_in_place,certain,,template: two [objects] in a [place]
base_0925,two cameras in a market,two_objects_in_place,certain,,template: two [objects] in a [place]
base_0926,two cameras in a farm,two_objects_in_place,certain,,template: two [objects] in a [place]
base_0927,two cameras in a field,two_objects_in_place,certain,,template: two [objects] in a [place]
base_0928,two cameras in an airport,two_objects_in_place,certain,,template: two [objects] in a [place]
base_0929,two cameras in a station,two_objects_in_place,certain,,template: two [objects] in a [place]
base_0930,two backpacks in a room,two_objects_in_place,certain,,template: two [objects] in a [place]
base_0931,two backpacks in a street,two_objects_in_place,certain,,template: two [objects] in a [place]
base_0932,two backpacks in a park,two_objects_in_place,certain,,template: two [objects] in a [place]
base_0933,two backpacks in a kitchen,two_objects_in_place,certain,,template: two [objects] in a [place]
base_0934,two backpacks in a beach,two_objects_in_place,certain,,template: two [objects] in a [place]
base_0935,two backpacks in an office,two_objects_in_place,certain,,template: two [objects] in a [place]
base_0936,two backpacks in a garden,two_objects_in_place,certain,,template: two [objects] in a [place]
base_0937,two backpacks in a forest,two_objects_in_place,certain,,template: two [objects] in a [place]
base_0938,two backpacks in a desert,two_objects_in_place,certain,,template: two [objects] in a [place]
base_0939,two backpacks in a city,two_objects_in_place,certain,,template: two [objects] in a [place]
base_0940,two backpacks in a village,two_objects_in_place,certain,,template: two [objects] in a [place]
base_0941,two backpacks in a restaurant,two_objects_in_place,certain,,template: two [objects] in a [place]
base_0942,two backpacks in a cafe,two_objects_in_place,certain,,template: two [objects] in a [place]
base_0943,two backpacks in a library,two_objects_in_place,certain,,template: two [objects] in a [place]
base_0944,two backpacks in a school,two_objects_in_place,certain,,template: two [objects] in a [place]
base_0945,two backpacks in a market,two_objects_in_place,certain,,template: two [objects] in a [place]
base_0946,two backpacks in a farm,two_objects_in_place,certain,,template: two [objects] in a [place]
base_0947,two backpacks in a field,two_objects_in_place,certain,,template: two [objects] in a [place]
base_0948,two backpacks in an airport,two_objects_in_place,certain,,template: two [objects] in a [place]
base_0949,two backpacks in a station,two_objects_in_place,certain,,template: two [objects] in a [place]
base_0950,two televisions in a room,two_objects_in_place,certain,,template: two [objects] in a [place]
base_0951,two televisions in a street,two_objects_in_place,certain,,template: two [objects] in a [place]
base_0952,two televisions in a park,two_objects_in_place,certain,,template: two [objects] in a [place]
base_0953,two televisions in a kitchen,two_objects_in_place,certain,,template: two [objects] in a [place]
base_0954,two televisions in a beach,two_objects_in_place,certain,,template: two [objects] in a [place]
base_0955,two televisions in an office,two_objects_in_place,certain,,template: two [objects] in a [place]
base_0956,two televisions in a garden,two_objects_in_place,certain,,template: two [objects] in a [place]
base_0957,two televisions in a forest,two_objects_in_place,certain,,template: two [objects] in a [place]
base_0958,two televisions in a desert,two_objects_in_place,certain,,template: two [objects] in a [place]
base_0959,two televisions in a city,two_objects_in_place,certain,,template: two [objects] in a [place]
base_0960,two televisions in a village,two_objects_in_place,certain,,template: two [objects] in a [place]
base_0961,two televisions in a restaurant,two_objects_in_place,certain,,template: two [objects] in a [place]
base_0962,two televisions in a cafe,two_objects_in_place,certain,,template: two [objects] in a [place]
base_0963,two televisions in a library,two_objects_in_place,certain,,template: two [objects] in a [place]
base_0964,two televisions in a school,two_objects_in_place,certain,,template: two [objects] in a [place]
base_0965,two televisions in a market,two_objects_in_place,certain,,template: two [objects] in a [place]
base_0966,two televisions in a farm,two_objects_in_place,certain,,template: two [objects] in a [place]
base_0967,two televisions in a field,two_objects_in_place,certain,,template: two [objects] in a [place]
base_0968,two televisions in an airport,two_objects_in_place,certain,,template: two [objects] in a [place]
base_0969,two televisions in a station,two_objects_in_place,certain,,template: two [objects] in a [place]
