prompt_id,prompt_text,template_type,category,subcategory,base_prompt_id,source_prompt_text,generation_method,original_object,nonsense_attribute
unc_adv_00001,a transparent dog,attribute_object,uncertain,adversarial_nonsense,base_0256,a small dog,replace_attribute_with_nonsense_attribute,dog,transparent
unc_adv_00002,a liquid cat,attribute_object,uncertain,adversarial_nonsense,base_0257,a small cat,replace_attribute_with_nonsense_attribute,cat,liquid
unc_adv_00003,a liquid chair,attribute_object,uncertain,adversarial_nonsense,base_0258,a small chair,replace_attribute_with_nonsense_attribute,chair,liquid
unc_adv_00004,a transparent table,attribute_object,uncertain,adversarial_nonsense,base_0259,a small table,replace_attribute_with_nonsense_attribute,table,transparent
unc_adv_00005,a sleeping cup,attribute_object,uncertain,adversarial_nonsense,base_0260,a small cup,replace_attribute_with_nonsense_attribute,cup,sleeping
unc_adv_00006,an edible bottle,attribute_object,uncertain,adversarial_nonsense,base_0261,a small bottle,replace_attribute_with_nonsense_attribute,bottle,edible
unc_adv_00007,an edible bicycle,attribute_object,uncertain,adversarial_nonsense,base_0262,a small bicycle,replace_attribute_with_nonsense_attribute,bicycle,edible
unc_adv_00008,an edible car,attribute_object,uncertain,adversarial_nonsense,base_0263,a small car,replace_attribute_with_nonsense_attribute,car,edible
unc_adv_00009,a transparent rack,attribute_object,uncertain,adversarial_nonsense,base_0264,a small rack,replace_attribute_with_nonsense_attribute,rack,transparent
unc_adv_00010,a liquid apple,attribute_object,uncertain,adversarial_nonsense,base_0265,a small apple,replace_attribute_with_nonsense_attribute,apple,liquid
unc_adv_00011,a transparent banana,attribute_object,uncertain,adversarial_nonsense,base_0266,a small banana,replace_attribute_with_nonsense_attribute,banana,transparent
unc_adv_00012,a transparent book,attribute_object,uncertain,adversarial_nonsense,base_0267,a small book,replace_attribute_with_nonsense_attribute,book,transparent
unc_adv_00013,a melting phone,attribute_object,uncertain,adversarial_nonsense,base_0268,a small phone,replace_attribute_with_nonsense_attribute,phone,melting
unc_adv_00014,a liquid laptop,attribute_object,uncertain,adversarial_nonsense,base_0269,a small laptop,replace_attribute_with_nonsense_attribute,laptop,liquid
unc_adv_00015,a melting camera,attribute_object,uncertain,adversarial_nonsense,base_0270,a small camera,replace_attribute_with_nonsense_attribute,camera,melting
unc_adv_00016,a singing backpack,attribute_object,uncertain,adversarial_nonsense,base_0271,a small backpack,replace_attribute_with_nonsense_attribute,backpack,singing
unc_adv_00017,a liquid television,attribute_object,uncertain,adversarial_nonsense,base_0272,a small television,replace_attribute_with_nonsense_attribute,television,liquid
unc_adv_00018,a liquid dog,attribute_object,uncertain,adversarial_nonsense,base_0273,a big dog,replace_attribute_with_nonsense_attribute,dog,liquid
unc_adv_00019,a liquid cat,attribute_object,uncertain,adversarial_nonsense,base_0274,a big cat,replace_attribute_with_nonsense_attribute,cat,liquid
unc_adv_00020,an edible chair,attribute_object,uncertain,adversarial_nonsense,base_0275,a big chair,replace_attribute_with_nonsense_attribute,chair,edible
unc_adv_00021,an edible table,attribute_object,uncertain,adversarial_nonsense,base_0276,a big table,replace_attribute_with_nonsense_attribute,table,edible
unc_adv_00022,a melting cup,attribute_object,uncertain,adversarial_nonsense,base_0277,a big cup,replace_attribute_with_nonsense_attribute,cup,melting
unc_adv_00023,a melting bottle,attribute_object,uncertain,adversarial_nonsense,base_0278,a big bottle,replace_attribute_with_nonsense_attribute,bottle,melting
unc_adv_00024,a liquid bicycle,attribute_object,uncertain,adversarial_nonsense,base_0279,a big bicycle,replace_attribute_with_nonsense_attribute,bicycle,liquid
unc_adv_00025,a melting car,attribute_object,uncertain,adversarial_nonsense,base_0280,a big car,replace_attribute_with_nonsense_attribute,car,melting
unc_adv_00026,an edible rack,attribute_object,uncertain,adversarial_nonsense,base_0281,a big rack,replace_attribute_with_nonsense_attribute,rack,edible
unc_adv_00027,a transparent apple,attribute_object,uncertain,adversarial_nonsense,base_0282,a big apple,replace_attribute_with_nonsense_attribute,apple,transparent
unc_adv_00028,a transparent banana,attribute_object,uncertain,adversarial_nonsense,base_0283,a big banana,replace_attribute_with_nonsense_attribute,banana,transparent
unc_adv_00029,a transparent book,attribute_object,uncertain,adversarial_nonsense,base_0284,a big book,replace_attribute_with_nonsense_attribute,book,transparent
unc_adv_00030,a melting phone,attribute_object,uncertain,adversarial_nonsense,base_0285,a big phone,replace_attribute_with_nonsense_attribute,phone,melting
unc_adv_00031,a singing laptop,attribute_object,uncertain,adversarial_nonsense,base_0286,a big laptop,replace_attribute_with_nonsense_attribute,laptop,singing
unc_adv_00032,an edible camera,attribute_object,uncertain,adversarial_nonsense,base_0287,a big camera,replace_attribute_with_nonsense_attribute,camera,edible
unc_adv_00033,a singing backpack,attribute_object,uncertain,adversarial_nonsense,base_0288,a big backpack,replace_attribute_with_nonsense_attribute,backpack,singing
unc_adv_00034,a melting television,attribute_object,uncertain,adversarial_nonsense,base_0289,a big television,replace_attribute_with_nonsense_attribute,television,melting
unc_adv_00035,a sleeping dog,attribute_object,uncertain,adversarial_nonsense,base_0290,an old dog,replace_attribute_with_nonsense_attribute,dog,sleeping
unc_adv_00036,a liquid cat,attribute_object,uncertain,adversarial_nonsense,base_0291,an old cat,replace_attribute_with_nonsense_attribute,cat,liquid
unc_adv_00037,an edible chair,attribute_object,uncertain,adversarial_nonsense,base_0292,an old chair,replace_attribute_with_nonsense_attribute,chair,edible
unc_adv_00038,a transparent table,attribute_object,uncertain,adversarial_nonsense,base_0293,an old table,replace_attribute_with_nonsense_attribute,table,transparent
unc_adv_00039,a singing cup,attribute_object,uncertain,adversarial_nonsense,base_0294,an old cup,replace_attribute_with_nonsense_attribute,cup,singing
unc_adv_00040,a sleeping bottle,attribute_object,uncertain,adversarial_nonsense,base_0295,an old bottle,replace_attribute_with_nonsense_attribute,bottle,sleeping
unc_adv_00041,a sleeping bicycle,attribute_object,uncertain,adversarial_nonsense,base_0296,an old bicycle,replace_attribute_with_nonsense_attribute,bicycle,sleeping
unc_adv_00042,an edible car,attribute_object,uncertain,adversarial_nonsense,base_0297,an old car,replace_attribute_with_nonsense_attribute,car,edible
unc_adv_00043,an edible rack,attribute_object,uncertain,adversarial_nonsense,base_0298,an old rack,replace_attribute_with_nonsense_attribute,rack,edible
unc_adv_00044,a sleeping apple,attribute_object,uncertain,adversarial_nonsense,base_0299,an old apple,replace_attribute_with_nonsense_attribute,apple,sleeping
unc_adv_00045,a liquid banana,attribute_object,uncertain,adversarial_nonsense,base_0300,an old banana,replace_attribute_with_nonsense_attribute,banana,liquid
unc_adv_00046,a liquid book,attribute_object,uncertain,adversarial_nonsense,base_0301,an old book,replace_attribute_with_nonsense_attribute,book,liquid
unc_adv_00047,a singing phone,attribute_object,uncertain,adversarial_nonsense,base_0302,an old phone,replace_attribute_with_nonsense_attribute,phone,singing
unc_adv_00048,a liquid laptop,attribute_object,uncertain,adversarial_nonsense,base_0303,an old laptop,replace_attribute_with_nonsense_attribute,laptop,liquid
unc_adv_00049,a sleeping camera,attribute_object,uncertain,adversarial_nonsense,base_0304,an old camera,replace_attribute_with_nonsense_attribute,camera,sleeping
unc_adv_00050,a sleeping backpack,attribute_object,uncertain,adversarial_nonsense,base_0305,an old backpack,replace_attribute_with_nonsense_attribute,backpack,sleeping
unc_adv_00051,a melting television,attribute_object,uncertain,adversarial_nonsense,base_0306,an old television,replace_attribute_with_nonsense_attribute,television,melting
unc_adv_00052,a sleeping dog,attribute_object,uncertain,adversarial_nonsense,base_0307,a new dog,replace_attribute_with_nonsense_attribute,dog,sleeping
unc_adv_00053,a liquid cat,attribute_object,uncertain,adversarial_nonsense,base_0308,a new cat,replace_attribute_with_nonsense_attribute,cat,liquid
unc_adv_00054,a transparent chair,attribute_object,uncertain,adversarial_nonsense,base_0309,a new chair,replace_attribute_with_nonsense_attribute,chair,transparent
unc_adv_00055,a singing table,attribute_object,uncertain,adversarial_nonsense,base_0310,a new table,replace_attribute_with_nonsense_attribute,table,singing
unc_adv_00056,a melting cup,attribute_object,uncertain,adversarial_nonsense,base_0311,a new cup,replace_attribute_with_nonsense_attribute,cup,melting
unc_adv_00057,a liquid bottle,attribute_object,uncertain,adversarial_nonsense,base_0312,a new bottle,replace_attribute_with_nonsense_attribute,bottle,liquid
unc_adv_00058,a singing bicycle,attribute_object,uncertain,adversarial_nonsense,base_0313,a new bicycle,replace_attribute_with_nonsense_attribute,bicycle,singing
unc_adv_00059,a liquid car,attribute_object,uncertain,adversarial_nonsense,base_0314,a new car,replace_attribute_with_nonsense_attribute,car,liquid
unc_adv_00060,a melting rack,attribute_object,uncertain,adversarial_nonsense,base_0315,a new rack,replace_attribute_with_nonsense_attribute,rack,melting
unc_adv_00061,a sleeping apple,attribute_object,uncertain,adversarial_nonsense,base_0316,a new apple,replace_attribute_with_nonsense_attribute,apple,sleeping
unc_adv_00062,a transparent banana,attribute_object,uncertain,adversarial_nonsense,base_0317,a new banana,replace_attribute_with_nonsense_attribute,banana,transparent
unc_adv_00063,a melting book,attribute_object,uncertain,adversarial_nonsense,base_0318,a new book,replace_attribute_with_nonsense_attribute,book,melting
unc_adv_00064,a sleeping phone,attribute_object,uncertain,adversarial_nonsense,base_0319,a new phone,replace_attribute_with_nonsense_attribute,phone,sleeping
unc_adv_00065,a melting laptop,attribute_object,uncertain,adversarial_nonsense,base_0320,a new laptop,replace_attribute_with_nonsense_attribute,laptop,melting
unc_adv_00066,an edible camera,attribute_object,uncertain,adversarial_nonsense,base_0321,a new camera,replace_attribute_with_nonsense_attribute,camera,edible
unc_adv_00067,a transparent backpack,attribute_object,uncertain,adversarial_nonsense,base_0322,a new backpack,replace_attribute_with_nonsense_attribute,backpack,transparent
unc_adv_00068,a liquid television,attribute_object,uncertain,adversarial_nonsense,base_0323,a new television,replace_attribute_with_nonsense_attribute,television,liquid
unc_adv_00069,a liquid dog,attribute_object,uncertain,adversarial_nonsense,base_0324,a wooden dog,replace_attribute_with_nonsense_attribute,dog,liquid
unc_adv_00070,a transparent cat,attribute_object,uncertain,adversarial_nonsense,base_0325,a wooden cat,replace_attribute_with_nonsense_attribute,cat,transparent
unc_adv_00071,an edible chair,attribute_object,uncertain,adversarial_nonsense,base_0326,a wooden chair,replace_attribute_with_nonsense_attribute,chair,edible
unc_adv_00072,a sleeping table,attribute_object,uncertain,adversarial_nonsense,base_0327,a wooden table,replace_attribute_with_nonsense_attribute,table,sleeping
unc_adv_00073,a liquid cup,attribute_object,uncertain,adversarial_nonsense,base_0328,a wooden cup,replace_attribute_with_nonsense_attribute,cup,liquid
unc_adv_00074,an edible bottle,attribute_object,uncertain,adversarial_nonsense,base_0329,a wooden bottle,replace_attribute_with_nonsense_attribute,bottle,edible
unc_adv_00075,a liquid bicycle,attribute_object,uncertain,adversarial_nonsense,base_0330,a wooden bicycle,replace_attribute_with_nonsense_attribute,bicycle,liquid
unc_adv_00076,a singing car,attribute_object,uncertain,adversarial_nonsense,base_0331,a wooden car,replace_attribute_with_nonsense_attribute,car,singing
unc_adv_00077,a sleeping rack,attribute_object,uncertain,adversarial_nonsense,base_0332,a wooden rack,replace_attribute_with_nonsense_attribute,rack,sleeping
unc_adv_00078,a singing apple,attribute_object,uncertain,adversarial_nonsense,base_0333,a wooden apple,replace_attribute_with_nonsense_attribute,apple,singing
unc_adv_00079,a transparent banana,attribute_object,uncertain,adversarial_nonsense,base_0334,a wooden banana,replace_attribute_with_nonsense_attribute,banana,transparent
unc_adv_00080,a sleeping book,attribute_object,uncertain,adversarial_nonsense,base_0335,a wooden book,replace_attribute_with_nonsense_attribute,book,sleeping
unc_adv_00081,an edible phone,attribute_object,uncertain,adversarial_nonsense,base_0336,a wooden phone,replace_attribute_with_nonsense_attribute,phone,edible
unc_adv_00082,a sleeping laptop,attribute_object,uncertain,adversarial_nonsense,base_0337,a wooden laptop,replace_attribute_with_nonsense_attribute,laptop,sleeping
unc_adv_00083,a sleeping camera,attribute_object,uncertain,adversarial_nonsense,base_0338,a wooden camera,replace_attribute_with_nonsense_attribute,camera,sleeping
unc_adv_00084,an edible backpack,attribute_object,uncertain,adversarial_nonsense,base_0339,a wooden backpack,replace_attribute_with_nonsense_attribute,backpack,edible
unc_adv_00085,a transparent television,attribute_object,uncertain,adversarial_nonsense,base_0340,a wooden television,replace_attribute_with_nonsense_attribute,television,transparent
unc_adv_00086,a sleeping dog,attribute_object,uncertain,adversarial_nonsense,base_0341,a plastic dog,replace_attribute_with_nonsense_attribute,dog,sleeping
unc_adv_00087,a transparent cat,attribute_object,uncertain,adversarial_nonsense,base_0342,a plastic cat,replace_attribute_with_nonsense_attribute,cat,transparent
unc_adv_00088,a transparent chair,attribute_object,uncertain,adversarial_nonsense,base_0343,a plastic chair,replace_attribute_with_nonsense_attribute,chair,transparent
unc_adv_00089,a transparent table,attribute_object,uncertain,adversarial_nonsense,base_0344,a plastic table,replace_attribute_with_nonsense_attribute,table,transparent
unc_adv_00090,a liquid cup,attribute_object,uncertain,adversarial_nonsense,base_0345,a plastic cup,replace_attribute_with_nonsense_attribute,cup,liquid
unc_adv_00091,a melting bottle,attribute_object,uncertain,adversarial_nonsense,base_0346,a plastic bottle,replace_attribute_with_nonsense_attribute,bottle,melting
unc_adv_00092,a transparent bicycle,attribute_object,uncertain,adversarial_nonsense,base_0347,a plastic bicycle,replace_attribute_with_nonsense_attribute,bicycle,transparent
unc_adv_00093,an edible car,attribute_object,uncertain,adversarial_nonsense,base_0348,a plastic car,replace_attribute_with_nonsense_attribute,car,edible
unc_adv_00094,a melting rack,attribute_object,uncertain,adversarial_nonsense,base_0349,a plastic rack,replace_attribute_with_nonsense_attribute,rack,melting
unc_adv_00095,a transparent apple,attribute_object,uncertain,adversarial_nonsense,base_0350,a plastic apple,replace_attribute_with_nonsense_attribute,apple,transparent
unc_adv_00096,an edible banana,attribute_object,uncertain,adversarial_nonsense,base_0351,a plastic banana,replace_attribute_with_nonsense_attribute,banana,edible
unc_adv_00097,an edible book,attribute_object,uncertain,adversarial_nonsense,base_0352,a plastic book,replace_attribute_with_nonsense_attribute,book,edible
unc_adv_00098,a singing phone,attribute_object,uncertain,adversarial_nonsense,base_0353,a plastic phone,replace_attribute_with_nonsense_attribute,phone,singing
unc_adv_00099,a singing laptop,attribute_object,uncertain,adversarial_nonsense,base_0354,a plastic laptop,replace_attribute_with_nonsense_attribute,laptop,singing
unc_adv_00100,a sleeping camera,attribute_object,uncertain,adversarial_nonsense,base_0355,a plastic camera,replace_attribute_with_nonsense_attribute,camera,sleeping
unc_adv_00101,a transparent backpack,attribute_object,uncertain,adversarial_nonsense,base_0356,a plastic backpack,replace_attribute_with_nonsense_attribute,backpack,transparent
unc_adv_00102,a transparent television,attribute_object,uncertain,adversarial_nonsense,base_0357,a plastic television,replace_attribute_with_nonsense_attribute,television,transparent
unc_adv_00103,a melting dog,attribute_object,uncertain,adversarial_nonsense,base_0358,a glass dog,replace_attribute_with_nonsense_attribute,dog,melting
unc_adv_00104,an edible cat,attribute_object,uncertain,adversarial_nonsense,base_0359,a glass cat,replace_attribute_with_nonsense_attribute,cat,edible
unc_adv_00105,a transparent chair,attribute_object,uncertain,adversarial_nonsense,base_0360,a glass chair,replace_attribute_with_nonsense_attribute,chair,transparent
unc_adv_00106,a sleeping table,attribute_object,uncertain,adversarial_nonsense,base_0361,a glass table,replace_attribute_with_nonsense_attribute,table,sleeping
unc_adv_00107,a liquid cup,attribute_object,uncertain,adversarial_nonsense,base_0362,a glass cup,replace_attribute_with_nonsense_attribute,cup,liquid
unc_adv_00108,an edible bottle,attribute_object,uncertain,adversarial_nonsense,base_0363,a glass bottle,replace_attribute_with_nonsense_attribute,bottle,edible
unc_adv_00109,a liquid bicycle,attribute_object,uncertain,adversarial_nonsense,base_0364,a glass bicycle,replace_attribute_with_nonsense_attribute,bicycle,liquid
unc_adv_00110,a sleeping car,attribute_object,uncertain,adversarial_nonsense,base_0365,a glass car,replace_attribute_with_nonsense_attribute,car,sleeping
unc_adv_00111,a singing rack,attribute_object,uncertain,adversarial_nonsense,base_0366,a glass rack,replace_attribute_with_nonsense_attribute,rack,singing
unc_adv_00112,a sleeping apple,attribute_object,uncertain,adversarial_nonsense,base_0367,a glass apple,replace_attribute_with_nonsense_attribute,apple,sleeping
unc_adv_00113,a liquid banana,attribute_object,uncertain,adversarial_nonsense,base_0368,a glass banana,replace_attribute_with_nonsense_attribute,banana,liquid
unc_adv_00114,an edible book,attribute_object,uncertain,adversarial_nonsense,base_0369,a glass book,replace_attribute_with_nonsense_attribute,book,edible
unc_adv_00115,a melting phone,attribute_object,uncertain,adversarial_nonsense,base_0370,a glass phone,replace_attribute_with_nonsense_attribute,phone,melting
unc_adv_00116,a transparent laptop,attribute_object,uncertain,adversarial_nonsense,base_0371,a glass laptop,replace_attribute_with_nonsense_attribute,laptop,transparent
unc_adv_00117,a sleeping camera,attribute_object,uncertain,adversarial_nonsense,base_0372,a glass camera,replace_attribute_with_nonsense_attribute,camera,sleeping
unc_adv_00118,an edible backpack,attribute_object,uncertain,adversarial_nonsense,base_0373,a glass backpack,replace_attribute_with_nonsense_attribute,backpack,edible
unc_adv_00119,a transparent television,attribute_object,uncertain,adversarial_nonsense,base_0374,a glass television,replace_attribute_with_nonsense_attribute,television,transparent
unc_adv_00120,a singing dog,attribute_object,uncertain,adversarial_nonsense,base_0375,a stone dog,replace_attribute_with_nonsense_attribute,dog,singing
unc_adv_00121,a singing cat,attribute_object,uncertain,adversarial_nonsense,base_0376,a stone cat,replace_attribute_with_nonsense_attribute,cat,singing
unc_adv_00122,a transparent chair,attribute_object,uncertain,adversarial_nonsense,base_0377,a stone chair,replace_attribute_with_nonsense_attribute,chair,transparent
unc_adv_00123,a singing table,attribute_object,uncertain,adversarial_nonsense,base_0378,a stone table,replace_attribute_with_nonsense_attribute,table,singing
unc_adv_00124,an edible cup,attribute_object,uncertain,adversarial_nonsense,base_0379,a stone cup,replace_attribute_with_nonsense_attribute,cup,edible
unc_adv_00125,a sleeping bottle,attribute_object,uncertain,adversarial_nonsense,base_0380,a stone bottle,replace_attribute_with_nonsense_attribute,bottle,sleeping
unc_adv_00126,an edible bicycle,attribute_object,uncertain,adversarial_nonsense,base_0381,a stone bicycle,replace_attribute_with_nonsense_attribute,bicycle,edible
unc_adv_00127,an edible car,attribute_object,uncertain,adversarial_nonsense,base_0382,a stone car,replace_attribute_with_nonsense_attribute,car,edible
unc_adv_00128,a transparent rack,attribute_object,uncertain,adversarial_nonsense,base_0383,a stone rack,replace_attribute_with_nonsense_attribute,rack,transparent
unc_adv_00129,a melting apple,attribute_object,uncertain,adversarial_nonsense,base_0384,a stone apple,replace_attribute_with_nonsense_attribute,apple,melting
unc_adv_00130,a melting banana,attribute_object,uncertain,adversarial_nonsense,base_0385,a stone banana,replace_attribute_with_nonsense_attribute,banana,melting
unc_adv_00131,a sleeping book,attribute_object,uncertain,adversarial_nonsense,base_0386,a stone book,replace_attribute_with_nonsense_attribute,book,sleeping
unc_adv_00132,a transparent phone,attribute_object,uncertain,adversarial_nonsense,base_0387,a stone phone,replace_attribute_with_nonsense_attribute,phone,transparent
unc_adv_00133,a melting laptop,attribute_object,uncertain,adversarial_nonsense,base_0388,a stone laptop,replace_attribute_with_nonsense_attribute,laptop,melting
unc_adv_00134,a singing camera,attribute_object,uncertain,adversarial_nonsense,base_0389,a stone camera,replace_attribute_with_nonsense_attribute,camera,singing
unc_adv_00135,a melting backpack,attribute_object,uncertain,adversarial_nonsense,base_0390,a stone backpack,replace_attribute_with_nonsense_attribute,backpack,melting
unc_adv_00136,a singing television,attribute_object,uncertain,adversarial_nonsense,base_0391,a stone television,replace_attribute_with_nonsense_attribute,television,singing
unc_adv_00137,a sleeping dog,attribute_object,uncertain,adversarial_nonsense,base_0392,a metal dog,replace_attribute_with_nonsense_attribute,dog,sleeping
unc_adv_00138,an edible cat,attribute_object,uncertain,adversarial_nonsense,base_0393,a metal cat,replace_attribute_with_nonsense_attribute,cat,edible
unc_adv_00139,an edible chair,attribute_object,uncertain,adversarial_nonsense,base_0394,a metal chair,replace_attribute_with_nonsense_attribute,chair,edible
unc_adv_00140,a melting table,attribute_object,uncertain,adversarial_nonsense,base_0395,a metal table,replace_attribute_with_nonsense_attribute,table,melting
unc_adv_00141,a singing cup,attribute_object,uncertain,adversarial_nonsense,base_0396,a metal cup,replace_attribute_with_nonsense_attribute,cup,singing
unc_adv_00142,a liquid bottle,attribute_object,uncertain,adversarial_nonsense,base_0397,a metal bottle,replace_attribute_with_nonsense_attribute,bottle,liquid
unc_adv_00143,a liquid bicycle,attribute_object,uncertain,adversarial_nonsense,base_0398,a metal bicycle,replace_attribute_with_nonsense_attribute,bicycle,liquid
unc_adv_00144,a liquid car,attribute_object,uncertain,adversarial_nonsense,base_0399,a metal car,replace_attribute_with_nonsense_attribute,car,liquid
unc_adv_00145,an edible rack,attribute_object,uncertain,adversarial_nonsense,base_0400,a metal rack,replace_attribute_with_nonsense_attribute,rack,edible
unc_adv_00146,a transparent apple,attribute_object,uncertain,adversarial_nonsense,base_0401,a metal apple,replace_attribute_with_nonsense_attribute,apple,transparent
unc_adv_00147,an edible banana,attribute_object,uncertain,adversarial_nonsense,base_0402,a metal banana,replace_attribute_with_nonsense_attribute,banana,edible
unc_adv_00148,a transparent book,attribute_object,uncertain,adversarial_nonsense,base_0403,a metal book,replace_attribute_with_nonsense_attribute,book,transparent
unc_adv_00149,a singing phone,attribute_object,uncertain,adversarial_nonsense,base_0404,a metal phone,replace_attribute_with_nonsense_attribute,phone,singing
unc_adv_00150,a melting laptop,attribute_object,uncertain,adversarial_nonsense,base_0405,a metal laptop,replace_attribute_with_nonsense_attribute,laptop,melting
unc_adv_00151,a liquid camera,attribute_object,uncertain,adversarial_nonsense,base_0406,a metal camera,replace_attribute_with_nonsense_attribute,camera,liquid
unc_adv_00152,a singing backpack,attribute_object,uncertain,adversarial_nonsense,base_0407,a metal backpack,replace_attribute_with_nonsense_attribute,backpack,singing
unc_adv_00153,a singing television,attribute_object,uncertain,adversarial_nonsense,base_0408,a metal television,replace_attribute_with_nonsense_attribute,television,singing
unc_adv_00154,a melting dog,attribute_object,uncertain,adversarial_nonsense,base_0409,a shiny dog,replace_attribute_with_nonsense_attribute,dog,melting
unc_adv_00155,a singing cat,attribute_object,uncertain,adversarial_nonsense,base_0410,a shiny cat,replace_attribute_with_nonsense_attribute,cat,singing
unc_adv_00156,a melting chair,attribute_object,uncertain,adversarial_nonsense,base_0411,a shiny chair,replace_attribute_with_nonsense_attribute,chair,melting
unc_adv_00157,a sleeping table,attribute_object,uncertain,adversarial_nonsense,base_0412,a shiny table,replace_attribute_with_nonsense_attribute,table,sleeping
unc_adv_00158,a melting cup,attribute_object,uncertain,adversarial_nonsense,base_0413,a shiny cup,replace_attribute_with_nonsense_attribute,cup,melting
unc_adv_00159,a liquid bottle,attribute_object,uncertain,adversarial_nonsense,base_0414,a shiny bottle,replace_attribute_with_nonsense_attribute,bottle,liquid
unc_adv_00160,a transparent bicycle,attribute_object,uncertain,adversarial_nonsense,base_0415,a shiny bicycle,replace_attribute_with_nonsense_attribute,bicycle,transparent
unc_adv_00161,a transparent car,attribute_object,uncertain,adversarial_nonsense,base_0416,a shiny car,replace_attribute_with_nonsense_attribute,car,transparent
unc_adv_00162,a liquid rack,attribute_object,uncertain,adversarial_nonsense,base_0417,a shiny rack,replace_attribute_with_nonsense_attribute,rack,liquid
unc_adv_00163,a transparent apple,attribute_object,uncertain,adversarial_nonsense,base_0418,a shiny apple,replace_attribute_with_nonsense_attribute,apple,transparent
unc_adv_00164,a melting banana,attribute_object,uncertain,adversarial_nonsense,base_0419,a shiny banana,replace_attribute_with_nonsense_attribute,banana,melting
unc_adv_00165,a sleeping book,attribute_object,uncertain,adversarial_nonsense,base_0420,a shiny book,replace_attribute_with_nonsense_attribute,book,sleeping
unc_adv_00166,a transparent phone,attribute_object,uncertain,adversarial_nonsense,base_0421,a shiny phone,replace_attribute_with_nonsense_attribute,phone,transparent
unc_adv_00167,a sleeping laptop,attribute_object,uncertain,adversarial_nonsense,base_0422,a shiny laptop,replace_attribute_with_nonsense_attribute,laptop,sleeping
unc_adv_00168,a liquid camera,attribute_object,uncertain,adversarial_nonsense,base_0423,a shiny camera,replace_attribute_with_nonsense_attribute,camera,liquid
unc_adv_00169,a sleeping backpack,attribute_object,uncertain,adversarial_nonsense,base_0424,a shiny backpack,replace_attribute_with_nonsense_attribute,backpack,sleeping
unc_adv_00170,a singing television,attribute_object,uncertain,adversarial_nonsense,base_0425,a shiny television,replace_attribute_with_nonsense_attribute,television,singing
unc_adv_00171,an edible dog,attribute_object,uncertain,adversarial_nonsense,base_0426,a dirty dog,replace_attribute_with_nonsense_attribute,dog,edible
unc_adv_00172,a singing cat,attribute_object,uncertain,adversarial_nonsense,base_0427,a dirty cat,replace_attribute_with_nonsense_attribute,cat,singing
unc_adv_00173,a liquid chair,attribute_object,uncertain,adversarial_nonsense,base_0428,a dirty chair,replace_attribute_with_nonsense_attribute,chair,liquid
unc_adv_00174,a transparent table,attribute_object,uncertain,adversarial_nonsense,base_0429,a dirty table,replace_attribute_with_nonsense_attribute,table,transparent
unc_adv_00175,a transparent cup,attribute_object,uncertain,adversarial_nonsense,base_0430,a dirty cup,replace_attribute_with_nonsense_attribute,cup,transparent
unc_adv_00176,a sleeping bottle,attribute_object,uncertain,adversarial_nonsense,base_0431,a dirty bottle,replace_attribute_with_nonsense_attribute,bottle,sleeping
unc_adv_00177,a melting bicycle,attribute_object,uncertain,adversarial_nonsense,base_0432,a dirty bicycle,replace_attribute_with_nonsense_attribute,bicycle,melting
unc_adv_00178,an edible car,attribute_object,uncertain,adversarial_nonsense,base_0433,a dirty car,replace_attribute_with_nonsense_attribute,car,edible
unc_adv_00179,a melting rack,attribute_object,uncertain,adversarial_nonsense,base_0434,a dirty rack,replace_attribute_with_nonsense_attribute,rack,melting
unc_adv_00180,a liquid apple,attribute_object,uncertain,adversarial_nonsense,base_0435,a dirty apple,replace_attribute_with_nonsense_attribute,apple,liquid
unc_adv_00181,a transparent banana,attribute_object,uncertain,adversarial_nonsense,base_0436,a dirty banana,replace_attribute_with_nonsense_attribute,banana,transparent
unc_adv_00182,a sleeping book,attribute_object,uncertain,adversarial_nonsense,base_0437,a dirty book,replace_attribute_with_nonsense_attribute,book,sleeping
unc_adv_00183,a transparent phone,attribute_object,uncertain,adversarial_nonsense,base_0438,a dirty phone,replace_attribute_with_nonsense_attribute,phone,transparent
unc_adv_00184,a melting laptop,attribute_object,uncertain,adversarial_nonsense,base_0439,a dirty laptop,replace_attribute_with_nonsense_attribute,laptop,melting
unc_adv_00185,a melting camera,attribute_object,uncertain,adversarial_nonsense,base_0440,a dirty camera,replace_attribute_with_nonsense_attribute,camera,melting
unc_adv_00186,an edible backpack,attribute_object,uncertain,adversarial_nonsense,base_0441,a dirty backpack,replace_attribute_with_nonsense_attribute,backpack,edible
unc_adv_00187,an edible television,attribute_object,uncertain,adversarial_nonsense,base_0442,a dirty television,replace_attribute_with_nonsense_attribute,television,edible
unc_adv_00188,a sleeping dog,attribute_object,uncertain,adversarial_nonsense,base_0443,a clean dog,replace_attribute_with_nonsense_attribute,dog,sleeping
unc_adv_00189,an edible cat,attribute_object,uncertain,adversarial_nonsense,base_0444,a clean cat,replace_attribute_with_nonsense_attribute,cat,edible
unc_adv_00190,a melting chair,attribute_object,uncertain,adversarial_nonsense,base_0445,a clean chair,replace_attribute_with_nonsense_attribute,chair,melting
unc_adv_00191,a melting table,attribute_object,uncertain,adversarial_nonsense,base_0446,a clean table,replace_attribute_with_nonsense_attribute,table,melting
unc_adv_00192,a liquid cup,attribute_object,uncertain,adversarial_nonsense,base_0447,a clean cup,replace_attribute_with_nonsense_attribute,cup,liquid
unc_adv_00193,a melting bottle,attribute_object,uncertain,adversarial_nonsense,base_0448,a clean bottle,replace_attribute_with_nonsense_attribute,bottle,melting
unc_adv_00194,a sleeping bicycle,attribute_object,uncertain,adversarial_nonsense,base_0449,a clean bicycle,replace_attribute_with_nonsense_attribute,bicycle,sleeping
unc_adv_00195,a singing car,attribute_object,uncertain,adversarial_nonsense,base_0450,a clean car,replace_attribute_with_nonsense_attribute,car,singing
unc_adv_00196,a liquid rack,attribute_object,uncertain,adversarial_nonsense,base_0451,a clean rack,replace_attribute_with_nonsense_attribute,rack,liquid
unc_adv_00197,a liquid apple,attribute_object,uncertain,adversarial_nonsense,base_0452,a clean apple,replace_attribute_with_nonsense_attribute,apple,liquid
unc_adv_00198,a sleeping banana,attribute_object,uncertain,adversarial_nonsense,base_0453,a clean banana,replace_attribute_with_nonsense_attribute,banana,sleeping
unc_adv_00199,a sleeping book,attribute_object,uncertain,adversarial_nonsense,base_0454,a clean book,replace_attribute_with_nonsense_attribute,book,sleeping
unc_adv_00200,an edible phone,attribute_object,uncertain,adversarial_nonsense,base_0455,a clean phone,replace_attribute_with_nonsense_attribute,phone,edible
unc_adv_00201,a liquid laptop,attribute_object,uncertain,adversarial_nonsense,base_0456,a clean laptop,replace_attribute_with_nonsense_attribute,laptop,liquid
unc_adv_00202,an edible camera,attribute_object,uncertain,adversarial_nonsense,base_0457,a clean camera,replace_attribute_with_nonsense_attribute,camera,edible
unc_adv_00203,a melting backpack,attribute_object,uncertain,adversarial_nonsense,base_0458,a clean backpack,replace_attribute_with_nonsense_attribute,backpack,melting
unc_adv_00204,a liquid television,attribute_object,uncertain,adversarial_nonsense,base_0459,a clean television,replace_attribute_with_nonsense_attribute,television,liquid
unc_adv_00205,a liquid dog,attribute_object,uncertain,adversarial_nonsense,base_0460,a wet dog,replace_attribute_with_nonsense_attribute,dog,liquid
unc_adv_00206,a transparent cat,attribute_object,uncertain,adversarial_nonsense,base_0461,a wet cat,replace_attribute_with_nonsense_attribute,cat,transparent
unc_adv_00207,a singing chair,attribute_object,uncertain,adversarial_nonsense,base_0462,a wet chair,replace_attribute_with_nonsense_attribute,chair,singing
unc_adv_00208,a liquid table,attribute_object,uncertain,adversarial_nonsense,base_0463,a wet table,replace_attribute_with_nonsense_attribute,table,liquid
unc_adv_00209,a melting cup,attribute_object,uncertain,adversarial_nonsense,base_0464,a wet cup,replace_attribute_with_nonsense_attribute,cup,melting
unc_adv_00210,an edible bottle,attribute_object,uncertain,adversarial_nonsense,base_0465,a wet bottle,replace_attribute_with_nonsense_attribute,bottle,edible
unc_adv_00211,an edible bicycle,attribute_object,uncertain,adversarial_nonsense,base_0466,a wet bicycle,replace_attribute_with_nonsense_attribute,bicycle,edible
unc_adv_00212,a transparent car,attribute_object,uncertain,adversarial_nonsense,base_0467,a wet car,replace_attribute_with_nonsense_attribute,car,transparent
unc_adv_00213,a singing rack,attribute_object,uncertain,adversarial_nonsense,base_0468,a wet rack,replace_attribute_with_nonsense_attribute,rack,singing
unc_adv_00214,a melting apple,attribute_object,uncertain,adversarial_nonsense,base_0469,a wet apple,replace_attribute_with_nonsense_attribute,apple,melting
unc_adv_00215,an edible banana,attribute_object,uncertain,adversarial_nonsense,base_0470,a wet banana,replace_attribute_with_nonsense_attribute,banana,edible
unc_adv_00216,a sleeping book,attribute_object,uncertain,adversarial_nonsense,base_0471,a wet book,replace_attribute_with_nonsense_attribute,book,sleeping
unc_adv_00217,a melting phone,attribute_object,uncertain,adversarial_nonsense,base_0472,a wet phone,replace_attribute_with_nonsense_attribute,phone,melting
unc_adv_00218,a melting laptop,attribute_object,uncertain,adversarial_nonsense,base_0473,a wet laptop,replace_attribute_with_nonsense_attribute,laptop,melting
unc_adv_00219,a singing camera,attribute_object,uncertain,adversarial_nonsense,base_0474,a wet camera,replace_attribute_with_nonsense_attribute,camera,singing
unc_adv_00220,an edible backpack,attribute_object,uncertain,adversarial_nonsense,base_0475,a wet backpack,replace_attribute_with_nonsense_attribute,backpack,edible
unc_adv_00221,a melting television,attribute_object,uncertain,adversarial_nonsense,base_0476,a wet television,replace_attribute_with_nonsense_attribute,television,melting
unc_adv_00222,a transparent dog,attribute_object,uncertain,adversarial_nonsense,base_0477,a dry dog,replace_attribute_with_nonsense_attribute,dog,transparent
unc_adv_00223,a transparent cat,attribute_object,uncertain,adversarial_nonsense,base_0478,a dry cat,replace_attribute_with_nonsense_attribute,cat,transparent
unc_adv_00224,an edible chair,attribute_object,uncertain,adversarial_nonsense,base_0479,a dry chair,replace_attribute_with_nonsense_attribute,chair,edible
unc_adv_00225,a transparent table,attribute_object,uncertain,adversarial_nonsense,base_0480,a dry table,replace_attribute_with_nonsense_attribute,table,transparent
unc_adv_00226,a sleeping cup,attribute_object,uncertain,adversarial_nonsense,base_0481,a dry cup,replace_attribute_with_nonsense_attribute,cup,sleeping
unc_adv_00227,a singing bottle,attribute_object,uncertain,adversarial_nonsense,base_0482,a dry bottle,replace_attribute_with_nonsense_attribute,bottle,singing
unc_adv_00228,a transparent bicycle,attribute_object,uncertain,adversarial_nonsense,base_0483,a dry bicycle,replace_attribute_with_nonsense_attribute,bicycle,transparent
unc_adv_00229,a transparent car,attribute_object,uncertain,adversarial_nonsense,base_0484,a dry car,replace_attribute_with_nonsense_attribute,car,transparent
unc_adv_00230,a sleeping rack,attribute_object,uncertain,adversarial_nonsense,base_0485,a dry rack,replace_attribute_with_nonsense_attribute,rack,sleeping
unc_adv_00231,a singing apple,attribute_object,uncertain,adversarial_nonsense,base_0486,a dry apple,replace_attribute_with_nonsense_attribute,apple,singing
unc_adv_00232,a melting banana,attribute_object,uncertain,adversarial_nonsense,base_0487,a dry banana,replace_attribute_with_nonsense_attribute,banana,melting
unc_adv_00233,a singing book,attribute_object,uncertain,adversarial_nonsense,base_0488,a dry book,replace_attribute_with_nonsense_attribute,book,singing
unc_adv_00234,a liquid phone,attribute_object,uncertain,adversarial_nonsense,base_0489,a dry phone,replace_attribute_with_nonsense_attribute,phone,liquid
unc_adv_00235,an edible laptop,attribute_object,uncertain,adversarial_nonsense,base_0490,a dry laptop,replace_attribute_with_nonsense_attribute,laptop,edible
unc_adv_00236,an edible camera,attribute_object,uncertain,adversarial_nonsense,base_0491,a dry camera,replace_attribute_with_nonsense_attribute,camera,edible
unc_adv_00237,a liquid backpack,attribute_object,uncertain,adversarial_nonsense,base_0492,a dry backpack,replace_attribute_with_nonsense_attribute,backpack,liquid
unc_adv_00238,a sleeping television,attribute_object,uncertain,adversarial_nonsense,base_0493,a dry television,replace_attribute_with_nonsense_attribute,television,sleeping
unc_adv_00239,a liquid dog,attribute_object,uncertain,adversarial_nonsense,base_0494,a heavy dog,replace_attribute_with_nonsense_attribute,dog,liquid
unc_adv_00240,a melting cat,attribute_object,uncertain,adversarial_nonsense,base_0495,a heavy cat,replace_attribute_with_nonsense_attribute,cat,melting
unc_adv_00241,a melting chair,attribute_object,uncertain,adversarial_nonsense,base_0496,a heavy chair,replace_attribute_with_nonsense_attribute,chair,melting
unc_adv_00242,an edible table,attribute_object,uncertain,adversarial_nonsense,base_0497,a heavy table,replace_attribute_with_nonsense_attribute,table,edible
unc_adv_00243,a melting cup,attribute_object,uncertain,adversarial_nonsense,base_0498,a heavy cup,replace_attribute_with_nonsense_attribute,cup,melting
unc_adv_00244,an edible bottle,attribute_object,uncertain,adversarial_nonsense,base_0499,a heavy bottle,replace_attribute_with_nonsense_attribute,bottle,edible
unc_adv_00245,a liquid bicycle,attribute_object,uncertain,adversarial_nonsense,base_0500,a heavy bicycle,replace_attribute_with_nonsense_attribute,bicycle,liquid
unc_adv_00246,a liquid car,attribute_object,uncertain,adversarial_nonsense,base_0501,a heavy car,replace_attribute_with_nonsense_attribute,car,liquid
unc_adv_00247,a transparent rack,attribute_object,uncertain,adversarial_nonsense,base_0502,a heavy rack,replace_attribute_with_nonsense_attribute,rack,transparent
unc_adv_00248,a transparent apple,attribute_object,uncertain,adversarial_nonsense,base_0503,a heavy apple,replace_attribute_with_nonsense_attribute,apple,transparent
unc_adv_00249,a liquid banana,attribute_object,uncertain,adversarial_nonsense,base_0504,a heavy banana,replace_attribute_with_nonsense_attribute,banana,liquid
unc_adv_00250,an edible book,attribute_object,uncertain,adversarial_nonsense,base_0505,a heavy book,replace_attribute_with_nonsense_attribute,book,edible
unc_adv_00251,a liquid phone,attribute_object,uncertain,adversarial_nonsense,base_0506,a heavy phone,replace_attribute_with_nonsense_attribute,phone,liquid
unc_adv_00252,a liquid laptop,attribute_object,uncertain,adversarial_nonsense,base_0507,a heavy laptop,replace_attribute_with_nonsense_attribute,laptop,liquid
unc_adv_00253,a sleeping camera,attribute_object,uncertain,adversarial_nonsense,base_0508,a heavy camera,replace_attribute_with_nonsense_attribute,camera,sleeping
unc_adv_00254,a liquid backpack,attribute_object,uncertain,adversarial_nonsense,base_0509,a heavy backpack,replace_attribute_with_nonsense_attribute,backpack,liquid
unc_adv_00255,a melting television,attribute_object,uncertain,adversarial_nonsense,base_0510,a heavy television,replace_attribute_with_nonsense_attribute,television,melting
unc_adv_00256,an edible dog,attribute_object,uncertain,adversarial_nonsense,base_0511,a light dog,replace_attribute_with_nonsense_attribute,dog,edible
unc_adv_00257,a sleeping cat,attribute_object,uncertain,adversarial_nonsense,base_0512,a light cat,replace_attribute_with_nonsense_attribute,cat,sleeping
unc_adv_00258,a transparent chair,attribute_object,uncertain,adversarial_nonsense,base_0513,a light chair,replace_attribute_with_nonsense_attribute,chair,transparent
unc_adv_00259,a singing table,attribute_object,uncertain,adversarial_nonsense,base_0514,a light table,replace_attribute_with_nonsense_attribute,table,singing
unc_adv_00260,an edible cup,attribute_object,uncertain,adversarial_nonsense,base_0515,a light cup,replace_attribute_with_nonsense_attribute,cup,edible
unc_adv_00261,a melting bottle,attribute_object,uncertain,adversarial_nonsense,base_0516,a light bottle,replace_attribute_with_nonsense_attribute,bottle,melting
unc_adv_00262,an edible bicycle,attribute_object,uncertain,adversarial_nonsense,base_0517,a light bicycle,replace_attribute_with_nonsense_attribute,bicycle,edible
unc_adv_00263,a transparent car,attribute_object,uncertain,adversarial_nonsense,base_0518,a light car,replace_attribute_with_nonsense_attribute,car,transparent
unc_adv_00264,a melting rack,attribute_object,uncertain,adversarial_nonsense,base_0519,a light rack,replace_attribute_with_nonsense_attribute,rack,melting
unc_adv_00265,a melting apple,attribute_object,uncertain,adversarial_nonsense,base_0520,a light apple,replace_attribute_with_nonsense_attribute,apple,melting
unc_adv_00266,a singing banana,attribute_object,uncertain,adversarial_nonsense,base_0521,a light banana,replace_attribute_with_nonsense_attribute,banana,singing
unc_adv_00267,an edible book,attribute_object,uncertain,adversarial_nonsense,base_0522,a light book,replace_attribute_with_nonsense_attribute,book,edible
unc_adv_00268,a singing phone,attribute_object,uncertain,adversarial_nonsense,base_0523,a light phone,replace_attribute_with_nonsense_attribute,phone,singing
unc_adv_00269,a singing laptop,attribute_object,uncertain,adversarial_nonsense,base_0524,a light laptop,replace_attribute_with_nonsense_attribute,laptop,singing
unc_adv_00270,an edible camera,attribute_object,uncertain,adversarial_nonsense,base_0525,a light camera,replace_attribute_with_nonsense_attribute,camera,edible
unc_adv_00271,a liquid backpack,attribute_object,uncertain,adversarial_nonsense,base_0526,a light backpack,replace_attribute_with_nonsense_attribute,backpack,liquid
unc_adv_00272,a liquid television,attribute_object,uncertain,adversarial_nonsense,base_0527,a light television,replace_attribute_with_nonsense_attribute,television,liquid
unc_adv_00273,a transparent dog,attribute_object,uncertain,adversarial_nonsense,base_0528,a round dog,replace_attribute_with_nonsense_attribute,dog,transparent
unc_adv_00274,a singing cat,attribute_object,uncertain,adversarial_nonsense,base_0529,a round cat,replace_attribute_with_nonsense_attribute,cat,singing
unc_adv_00275,a sleeping chair,attribute_object,uncertain,adversarial_nonsense,base_0530,a round chair,replace_attribute_with_nonsense_attribute,chair,sleeping
unc_adv_00276,a singing table,attribute_object,uncertain,adversarial_nonsense,base_0531,a round table,replace_attribute_with_nonsense_attribute,table,singing
unc_adv_00277,a singing cup,attribute_object,uncertain,adversarial_nonsense,base_0532,a round cup,replace_attribute_with_nonsense_attribute,cup,singing
unc_adv_00278,a singing bottle,attribute_object,uncertain,adversarial_nonsense,base_0533,a round bottle,replace_attribute_with_nonsense_attribute,bottle,singing
unc_adv_00279,a transparent bicycle,attribute_object,uncertain,adversarial_nonsense,base_0534,a round bicycle,replace_attribute_with_nonsense_attribute,bicycle,transparent
unc_adv_00280,a liquid car,attribute_object,uncertain,adversarial_nonsense,base_0535,a round car,replace_attribute_with_nonsense_attribute,car,liquid
unc_adv_00281,a transparent rack,attribute_object,uncertain,adversarial_nonsense,base_0536,a round rack,replace_attribute_with_nonsense_attribute,rack,transparent
unc_adv_00282,a transparent apple,attribute_object,uncertain,adversarial_nonsense,base_0537,a round apple,replace_attribute_with_nonsense_attribute,apple,transparent
unc_adv_00283,a transparent banana,attribute_object,uncertain,adversarial_nonsense,base_0538,a round banana,replace_attribute_with_nonsense_attribute,banana,transparent
unc_adv_00284,a liquid book,attribute_object,uncertain,adversarial_nonsense,base_0539,a round book,replace_attribute_with_nonsense_attribute,book,liquid
unc_adv_00285,a liquid phone,attribute_object,uncertain,adversarial_nonsense,base_0540,a round phone,replace_attribute_with_nonsense_attribute,phone,liquid
unc_adv_00286,a singing laptop,attribute_object,uncertain,adversarial_nonsense,base_0541,a round laptop,replace_attribute_with_nonsense_attribute,laptop,singing
unc_adv_00287,a transparent camera,attribute_object,uncertain,adversarial_nonsense,base_0542,a round camera,replace_attribute_with_nonsense_attribute,camera,transparent
unc_adv_00288,a sleeping backpack,attribute_object,uncertain,adversarial_nonsense,base_0543,a round backpack,replace_attribute_with_nonsense_attribute,backpack,sleeping
unc_adv_00289,a liquid television,attribute_object,uncertain,adversarial_nonsense,base_0544,a round television,replace_attribute_with_nonsense_attribute,television,liquid
